1000671,853f8de7aa468edebd9318f17d4a0e0f
1000672,f492a324fbf16d306ee09f5d0ac5e1eb
1000673,f492a324fbf16d306ee09f5d0ac5e1eb
1000674,f492a324fbf16d306ee09f5d0ac5e1eb
1000675,f492a324fbf16d306ee09f5d0ac5e1eb
1000676,743597602e728f28ccd8bcffa5be5e04
1000677,f492a324fbf16d306ee09f5d0ac5e1eb
1000678,6f4bb776470dcb0c137752233e2b0091
1000679,f492a324fbf16d306ee09f5d0ac5e1eb
1000680,f492a324fbf16d306ee09f5d0ac5e1eb
1000682,351df7ffc08b48ac2302c28a7f1e0503
1000683,f492a324fbf16d306ee09f5d0ac5e1eb
1000684,f492a324fbf16d306ee09f5d0ac5e1eb
1000685,f492a324fbf16d306ee09f5d0ac5e1eb
1000686,f492a324fbf16d306ee09f5d0ac5e1eb
1000687,f492a324fbf16d306ee09f5d0ac5e1eb
1000688,f492a324fbf16d306ee09f5d0ac5e1eb
1000689,f492a324fbf16d306ee09f5d0ac5e1eb
1000690,351df7ffc08b48ac2302c28a7f1e0503
1000691,f492a324fbf16d306ee09f5d0ac5e1eb
1000692,f492a324fbf16d306ee09f5d0ac5e1eb
1000693,f492a324fbf16d306ee09f5d0ac5e1eb
1000694,f492a324fbf16d306ee09f5d0ac5e1eb
1000695,f492a324fbf16d306ee09f5d0ac5e1eb
1000696,f492a324fbf16d306ee09f5d0ac5e1eb
1000697,f492a324fbf16d306ee09f5d0ac5e1eb
1000698,f492a324fbf16d306ee09f5d0ac5e1eb
1000699,f492a324fbf16d306ee09f5d0ac5e1eb
1000700,f492a324fbf16d306ee09f5d0ac5e1eb
1000701,f492a324fbf16d306ee09f5d0ac5e1eb
1000702,f492a324fbf16d306ee09f5d0ac5e1eb
1000703,f492a324fbf16d306ee09f5d0ac5e1eb
1000704,f492a324fbf16d306ee09f5d0ac5e1eb
1000705,f492a324fbf16d306ee09f5d0ac5e1eb
1000706,f492a324fbf16d306ee09f5d0ac5e1eb
1000707,f492a324fbf16d306ee09f5d0ac5e1eb
1000708,f492a324fbf16d306ee09f5d0ac5e1eb
1000709,f492a324fbf16d306ee09f5d0ac5e1eb
1000710,f492a324fbf16d306ee09f5d0ac5e1eb
1000711,f492a324fbf16d306ee09f5d0ac5e1eb
1000712,f492a324fbf16d306ee09f5d0ac5e1eb
1000713,f492a324fbf16d306ee09f5d0ac5e1eb
1000714,f492a324fbf16d306ee09f5d0ac5e1eb
1000715,f492a324fbf16d306ee09f5d0ac5e1eb
1000716,f492a324fbf16d306ee09f5d0ac5e1eb
1000717,f492a324fbf16d306ee09f5d0ac5e1eb
1000718,f492a324fbf16d306ee09f5d0ac5e1eb
1000719,f492a324fbf16d306ee09f5d0ac5e1eb
1000720,f492a324fbf16d306ee09f5d0ac5e1eb
1000721,f492a324fbf16d306ee09f5d0ac5e1eb
1000722,f492a324fbf16d306ee09f5d0ac5e1eb
1000723,f492a324fbf16d306ee09f5d0ac5e1eb
1000724,f492a324fbf16d306ee09f5d0ac5e1eb
1000725,f492a324fbf16d306ee09f5d0ac5e1eb
1000726,f492a324fbf16d306ee09f5d0ac5e1eb
1000727,f492a324fbf16d306ee09f5d0ac5e1eb
1000728,f492a324fbf16d306ee09f5d0ac5e1eb
1000729,f492a324fbf16d306ee09f5d0ac5e1eb
1000730,f492a324fbf16d306ee09f5d0ac5e1eb
1000731,f492a324fbf16d306ee09f5d0ac5e1eb
1000732,f492a324fbf16d306ee09f5d0ac5e1eb
1000733,f492a324fbf16d306ee09f5d0ac5e1eb
1000734,f492a324fbf16d306ee09f5d0ac5e1eb
1000735,f492a324fbf16d306ee09f5d0ac5e1eb
1000736,f492a324fbf16d306ee09f5d0ac5e1eb
1000737,f492a324fbf16d306ee09f5d0ac5e1eb
1000738,f492a324fbf16d306ee09f5d0ac5e1eb
1000739,f492a324fbf16d306ee09f5d0ac5e1eb
1000740,f492a324fbf16d306ee09f5d0ac5e1eb
1000741,f492a324fbf16d306ee09f5d0ac5e1eb
1000742,f492a324fbf16d306ee09f5d0ac5e1eb
1000743,f492a324fbf16d306ee09f5d0ac5e1eb
1000744,f492a324fbf16d306ee09f5d0ac5e1eb
1000745,f492a324fbf16d306ee09f5d0ac5e1eb
1000746,f492a324fbf16d306ee09f5d0ac5e1eb
1000747,f492a324fbf16d306ee09f5d0ac5e1eb
1000748,f492a324fbf16d306ee09f5d0ac5e1eb
1000749,f492a324fbf16d306ee09f5d0ac5e1eb
1000750,f492a324fbf16d306ee09f5d0ac5e1eb
1000751,f492a324fbf16d306ee09f5d0ac5e1eb
1000752,f492a324fbf16d306ee09f5d0ac5e1eb
1000753,f492a324fbf16d306ee09f5d0ac5e1eb
1000754,f492a324fbf16d306ee09f5d0ac5e1eb
1000755,f492a324fbf16d306ee09f5d0ac5e1eb
1000756,f492a324fbf16d306ee09f5d0ac5e1eb
1000757,f492a324fbf16d306ee09f5d0ac5e1eb
1000758,f492a324fbf16d306ee09f5d0ac5e1eb
1000759,f492a324fbf16d306ee09f5d0ac5e1eb
1000760,f492a324fbf16d306ee09f5d0ac5e1eb
1000761,f492a324fbf16d306ee09f5d0ac5e1eb
1000762,f492a324fbf16d306ee09f5d0ac5e1eb
1000763,f492a324fbf16d306ee09f5d0ac5e1eb
1000764,f492a324fbf16d306ee09f5d0ac5e1eb
1000765,f492a324fbf16d306ee09f5d0ac5e1eb
1000766,f492a324fbf16d306ee09f5d0ac5e1eb
1000767,f492a324fbf16d306ee09f5d0ac5e1eb
1000768,f492a324fbf16d306ee09f5d0ac5e1eb
1000769,f492a324fbf16d306ee09f5d0ac5e1eb
1000770,f492a324fbf16d306ee09f5d0ac5e1eb
1000771,f492a324fbf16d306ee09f5d0ac5e1eb
1000772,f492a324fbf16d306ee09f5d0ac5e1eb
1000773,f492a324fbf16d306ee09f5d0ac5e1eb
1000774,f492a324fbf16d306ee09f5d0ac5e1eb
1000775,f492a324fbf16d306ee09f5d0ac5e1eb
1000776,f492a324fbf16d306ee09f5d0ac5e1eb
1000777,f492a324fbf16d306ee09f5d0ac5e1eb
1000778,f492a324fbf16d306ee09f5d0ac5e1eb
1000779,f492a324fbf16d306ee09f5d0ac5e1eb
1000780,f492a324fbf16d306ee09f5d0ac5e1eb
1000781,f492a324fbf16d306ee09f5d0ac5e1eb
1000782,f492a324fbf16d306ee09f5d0ac5e1eb
1000783,f492a324fbf16d306ee09f5d0ac5e1eb
1000784,f492a324fbf16d306ee09f5d0ac5e1eb
1000785,f492a324fbf16d306ee09f5d0ac5e1eb
1000786,f492a324fbf16d306ee09f5d0ac5e1eb
1000787,f492a324fbf16d306ee09f5d0ac5e1eb
1000788,f492a324fbf16d306ee09f5d0ac5e1eb
1000789,f492a324fbf16d306ee09f5d0ac5e1eb
1000790,f492a324fbf16d306ee09f5d0ac5e1eb
1000791,f492a324fbf16d306ee09f5d0ac5e1eb
1000792,f492a324fbf16d306ee09f5d0ac5e1eb
1000793,f492a324fbf16d306ee09f5d0ac5e1eb
1000794,f492a324fbf16d306ee09f5d0ac5e1eb
1000795,f492a324fbf16d306ee09f5d0ac5e1eb
1000796,f492a324fbf16d306ee09f5d0ac5e1eb
1000797,f492a324fbf16d306ee09f5d0ac5e1eb
1000798,f492a324fbf16d306ee09f5d0ac5e1eb
1000799,f492a324fbf16d306ee09f5d0ac5e1eb
1000800,f492a324fbf16d306ee09f5d0ac5e1eb
1000801,f492a324fbf16d306ee09f5d0ac5e1eb
1000802,f492a324fbf16d306ee09f5d0ac5e1eb
1000803,f492a324fbf16d306ee09f5d0ac5e1eb
1000804,f492a324fbf16d306ee09f5d0ac5e1eb
1000805,f492a324fbf16d306ee09f5d0ac5e1eb
1000806,f492a324fbf16d306ee09f5d0ac5e1eb
1000807,f492a324fbf16d306ee09f5d0ac5e1eb
1000808,f492a324fbf16d306ee09f5d0ac5e1eb
1000809,f492a324fbf16d306ee09f5d0ac5e1eb
1000810,f492a324fbf16d306ee09f5d0ac5e1eb
1000811,f492a324fbf16d306ee09f5d0ac5e1eb
1000812,f492a324fbf16d306ee09f5d0ac5e1eb
1000813,f492a324fbf16d306ee09f5d0ac5e1eb
1000814,f492a324fbf16d306ee09f5d0ac5e1eb
1000815,f492a324fbf16d306ee09f5d0ac5e1eb
1000816,f492a324fbf16d306ee09f5d0ac5e1eb
1000817,f492a324fbf16d306ee09f5d0ac5e1eb
1000818,f492a324fbf16d306ee09f5d0ac5e1eb
1000819,f492a324fbf16d306ee09f5d0ac5e1eb
1000820,f492a324fbf16d306ee09f5d0ac5e1eb
1000821,f492a324fbf16d306ee09f5d0ac5e1eb
1000822,f492a324fbf16d306ee09f5d0ac5e1eb
1000823,f492a324fbf16d306ee09f5d0ac5e1eb
1000824,f492a324fbf16d306ee09f5d0ac5e1eb
1000825,f492a324fbf16d306ee09f5d0ac5e1eb
1000826,f492a324fbf16d306ee09f5d0ac5e1eb
1000827,f492a324fbf16d306ee09f5d0ac5e1eb
1000828,f492a324fbf16d306ee09f5d0ac5e1eb
1000829,f492a324fbf16d306ee09f5d0ac5e1eb
1000830,f492a324fbf16d306ee09f5d0ac5e1eb
1000831,f492a324fbf16d306ee09f5d0ac5e1eb
1000832,f492a324fbf16d306ee09f5d0ac5e1eb
1000833,f492a324fbf16d306ee09f5d0ac5e1eb
1000834,f492a324fbf16d306ee09f5d0ac5e1eb
1000835,f492a324fbf16d306ee09f5d0ac5e1eb
1000836,f492a324fbf16d306ee09f5d0ac5e1eb
1000837,f492a324fbf16d306ee09f5d0ac5e1eb
1000838,f492a324fbf16d306ee09f5d0ac5e1eb
1000839,f492a324fbf16d306ee09f5d0ac5e1eb
1000840,f492a324fbf16d306ee09f5d0ac5e1eb
1000841,f492a324fbf16d306ee09f5d0ac5e1eb
1000842,f492a324fbf16d306ee09f5d0ac5e1eb
1000843,f492a324fbf16d306ee09f5d0ac5e1eb
1000844,f492a324fbf16d306ee09f5d0ac5e1eb
1000845,f492a324fbf16d306ee09f5d0ac5e1eb
1000846,f492a324fbf16d306ee09f5d0ac5e1eb
1000847,f492a324fbf16d306ee09f5d0ac5e1eb
1000848,f492a324fbf16d306ee09f5d0ac5e1eb
1000849,f492a324fbf16d306ee09f5d0ac5e1eb
1000850,f492a324fbf16d306ee09f5d0ac5e1eb
1000851,f492a324fbf16d306ee09f5d0ac5e1eb
1000852,f492a324fbf16d306ee09f5d0ac5e1eb
1000853,f492a324fbf16d306ee09f5d0ac5e1eb
1000854,f492a324fbf16d306ee09f5d0ac5e1eb
1000855,f492a324fbf16d306ee09f5d0ac5e1eb
1000856,f492a324fbf16d306ee09f5d0ac5e1eb
1000857,f492a324fbf16d306ee09f5d0ac5e1eb
1000858,f492a324fbf16d306ee09f5d0ac5e1eb
1000859,f492a324fbf16d306ee09f5d0ac5e1eb
1000860,f492a324fbf16d306ee09f5d0ac5e1eb
1000861,f492a324fbf16d306ee09f5d0ac5e1eb
1000862,f492a324fbf16d306ee09f5d0ac5e1eb
1000863,f492a324fbf16d306ee09f5d0ac5e1eb
1000864,f492a324fbf16d306ee09f5d0ac5e1eb
1000865,f492a324fbf16d306ee09f5d0ac5e1eb
1000866,f492a324fbf16d306ee09f5d0ac5e1eb
1000867,f492a324fbf16d306ee09f5d0ac5e1eb
1000868,f492a324fbf16d306ee09f5d0ac5e1eb
1000869,f492a324fbf16d306ee09f5d0ac5e1eb
1000870,f492a324fbf16d306ee09f5d0ac5e1eb
1000871,f492a324fbf16d306ee09f5d0ac5e1eb
1000872,f492a324fbf16d306ee09f5d0ac5e1eb
1000873,f492a324fbf16d306ee09f5d0ac5e1eb
1000874,f492a324fbf16d306ee09f5d0ac5e1eb
1000875,f492a324fbf16d306ee09f5d0ac5e1eb
1000876,f492a324fbf16d306ee09f5d0ac5e1eb
1000877,f492a324fbf16d306ee09f5d0ac5e1eb
1000878,f492a324fbf16d306ee09f5d0ac5e1eb
1000879,f492a324fbf16d306ee09f5d0ac5e1eb
1000880,f492a324fbf16d306ee09f5d0ac5e1eb
1000881,f492a324fbf16d306ee09f5d0ac5e1eb
1000882,f492a324fbf16d306ee09f5d0ac5e1eb
1000883,f492a324fbf16d306ee09f5d0ac5e1eb
1000884,f492a324fbf16d306ee09f5d0ac5e1eb
1000885,f492a324fbf16d306ee09f5d0ac5e1eb
1000886,f492a324fbf16d306ee09f5d0ac5e1eb
1000887,f492a324fbf16d306ee09f5d0ac5e1eb
1000888,f492a324fbf16d306ee09f5d0ac5e1eb
1000889,f492a324fbf16d306ee09f5d0ac5e1eb
1000890,f492a324fbf16d306ee09f5d0ac5e1eb
1000891,f492a324fbf16d306ee09f5d0ac5e1eb
1000892,f492a324fbf16d306ee09f5d0ac5e1eb
1000893,f492a324fbf16d306ee09f5d0ac5e1eb
1000894,f492a324fbf16d306ee09f5d0ac5e1eb
1000895,f492a324fbf16d306ee09f5d0ac5e1eb
1000896,f492a324fbf16d306ee09f5d0ac5e1eb
1000897,f492a324fbf16d306ee09f5d0ac5e1eb
1000898,f492a324fbf16d306ee09f5d0ac5e1eb
1000899,f492a324fbf16d306ee09f5d0ac5e1eb
1000900,f492a324fbf16d306ee09f5d0ac5e1eb
1000901,f492a324fbf16d306ee09f5d0ac5e1eb
1000902,f492a324fbf16d306ee09f5d0ac5e1eb
1000903,f492a324fbf16d306ee09f5d0ac5e1eb
1000904,f492a324fbf16d306ee09f5d0ac5e1eb
1000905,f492a324fbf16d306ee09f5d0ac5e1eb
1000906,f492a324fbf16d306ee09f5d0ac5e1eb
1000907,f492a324fbf16d306ee09f5d0ac5e1eb
1000908,f492a324fbf16d306ee09f5d0ac5e1eb
1000909,f492a324fbf16d306ee09f5d0ac5e1eb
1000910,f492a324fbf16d306ee09f5d0ac5e1eb
1000911,f492a324fbf16d306ee09f5d0ac5e1eb
1000912,f492a324fbf16d306ee09f5d0ac5e1eb
1000913,f492a324fbf16d306ee09f5d0ac5e1eb
1000914,f492a324fbf16d306ee09f5d0ac5e1eb
1000915,f492a324fbf16d306ee09f5d0ac5e1eb
1000916,f492a324fbf16d306ee09f5d0ac5e1eb
1000917,f492a324fbf16d306ee09f5d0ac5e1eb
1000918,f492a324fbf16d306ee09f5d0ac5e1eb
1000919,f492a324fbf16d306ee09f5d0ac5e1eb
1000920,f492a324fbf16d306ee09f5d0ac5e1eb
1000921,f492a324fbf16d306ee09f5d0ac5e1eb
1000922,f492a324fbf16d306ee09f5d0ac5e1eb
1000923,f492a324fbf16d306ee09f5d0ac5e1eb
1000924,f492a324fbf16d306ee09f5d0ac5e1eb
1000925,f492a324fbf16d306ee09f5d0ac5e1eb
1000926,f492a324fbf16d306ee09f5d0ac5e1eb
1000927,f492a324fbf16d306ee09f5d0ac5e1eb
1000928,f492a324fbf16d306ee09f5d0ac5e1eb
1000929,f492a324fbf16d306ee09f5d0ac5e1eb
1000930,f492a324fbf16d306ee09f5d0ac5e1eb
1000931,f492a324fbf16d306ee09f5d0ac5e1eb
1000932,f492a324fbf16d306ee09f5d0ac5e1eb
1000933,f492a324fbf16d306ee09f5d0ac5e1eb
1000934,f492a324fbf16d306ee09f5d0ac5e1eb
1000935,f492a324fbf16d306ee09f5d0ac5e1eb
1000936,f492a324fbf16d306ee09f5d0ac5e1eb
1000937,f492a324fbf16d306ee09f5d0ac5e1eb
1000938,f492a324fbf16d306ee09f5d0ac5e1eb
1000939,f492a324fbf16d306ee09f5d0ac5e1eb
1000940,f492a324fbf16d306ee09f5d0ac5e1eb
1000941,f492a324fbf16d306ee09f5d0ac5e1eb
1000942,f492a324fbf16d306ee09f5d0ac5e1eb
1000943,f492a324fbf16d306ee09f5d0ac5e1eb
1000944,f492a324fbf16d306ee09f5d0ac5e1eb
1000945,f492a324fbf16d306ee09f5d0ac5e1eb
1000946,f492a324fbf16d306ee09f5d0ac5e1eb
1000947,f492a324fbf16d306ee09f5d0ac5e1eb
1000948,f492a324fbf16d306ee09f5d0ac5e1eb
1000949,f492a324fbf16d306ee09f5d0ac5e1eb
1000950,f492a324fbf16d306ee09f5d0ac5e1eb
1000951,f492a324fbf16d306ee09f5d0ac5e1eb
1000952,f492a324fbf16d306ee09f5d0ac5e1eb
1000953,f492a324fbf16d306ee09f5d0ac5e1eb
1000954,f492a324fbf16d306ee09f5d0ac5e1eb
1000955,f492a324fbf16d306ee09f5d0ac5e1eb
1000956,f492a324fbf16d306ee09f5d0ac5e1eb
1000957,f492a324fbf16d306ee09f5d0ac5e1eb
1000958,f492a324fbf16d306ee09f5d0ac5e1eb
1000959,f492a324fbf16d306ee09f5d0ac5e1eb
1000960,f492a324fbf16d306ee09f5d0ac5e1eb
1000961,f492a324fbf16d306ee09f5d0ac5e1eb
1000962,f492a324fbf16d306ee09f5d0ac5e1eb
1000963,f492a324fbf16d306ee09f5d0ac5e1eb
1000964,f492a324fbf16d306ee09f5d0ac5e1eb
1000965,f492a324fbf16d306ee09f5d0ac5e1eb
1000966,f492a324fbf16d306ee09f5d0ac5e1eb
1000967,f492a324fbf16d306ee09f5d0ac5e1eb
1000968,f492a324fbf16d306ee09f5d0ac5e1eb
1000969,f492a324fbf16d306ee09f5d0ac5e1eb
1000970,f492a324fbf16d306ee09f5d0ac5e1eb
1000971,f492a324fbf16d306ee09f5d0ac5e1eb