37196089327617,1027058,8b55a63869d141772c58d4af0136fe8f
37196187893765,1027144,8b55a63869d141772c58d4af0136fe8f
37196225642505,1027399,8b55a63869d141772c58d4af0136fe8f
37196089327618,1027065,8b55a63869d141772c58d4af0136fe8f
37196187893766,1027140,8b55a63869d141772c58d4af0136fe8f
37196225642509,1027401,8b55a63869d141772c58d4af0136fe8f
37196090376195,1027063,8b55a63869d141772c58d4af0136fe8f
37196187893767,1027145,8b55a63869d141772c58d4af0136fe8f
37196225642507,1027402,8b55a63869d141772c58d4af0136fe8f
37196089327620,1027059,8b55a63869d141772c58d4af0136fe8f
37196187893768,1027146,8b55a63869d141772c58d4af0136fe8f
37196225642508,1027403,8b55a63869d141772c58d4af0136fe8f
37196089327621,1027066,8b55a63869d141772c58d4af0136fe8f
37196187893769,1027143,8b55a63869d141772c58d4af0136fe8f
37196226691073,1027404,8b55a63869d141772c58d4af0136fe8f
37196089327619,1027067,8b55a63869d141772c58d4af0136fe8f
37196187893770,1027149,8b55a63869d141772c58d4af0136fe8f
37196226691074,1027405,8b55a63869d141772c58d4af0136fe8f
37196090376193,1027068,8b55a63869d141772c58d4af0136fe8f
37196187893771,1027150,8b55a63869d141772c58d4af0136fe8f
37196226691075,1027406,8b55a63869d141772c58d4af0136fe8f
37196090376194,1027062,8b55a63869d141772c58d4af0136fe8f
37196187893772,1027152,8b55a63869d141772c58d4af0136fe8f
37196226691076,1027408,8b55a63869d141772c58d4af0136fe8f
37196090376196,1027064,8b55a63869d141772c58d4af0136fe8f
37196188942337,1027151,8b55a63869d141772c58d4af0136fe8f
37196226691079,1027407,8b55a63869d141772c58d4af0136fe8f
37196090376197,1027069,8b55a63869d141772c58d4af0136fe8f
37196189990913,1027156,8b55a63869d141772c58d4af0136fe8f
37196226691081,1027409,8b55a63869d141772c58d4af0136fe8f
37196090376199,1027070,8b55a63869d141772c58d4af0136fe8f
37196189990914,1027162,8b55a63869d141772c58d4af0136fe8f
37196226691082,1027410,8b55a63869d141772c58d4af0136fe8f
37196090376200,1027076,8b55a63869d141772c58d4af0136fe8f
37196189990915,1027154,8b55a63869d141772c58d4af0136fe8f
37196227739649,1027411,8b55a63869d141772c58d4af0136fe8f
37196091424769,1027072,8b55a63869d141772c58d4af0136fe8f
37196189990916,1027158,8b55a63869d141772c58d4af0136fe8f
37196227739650,1027414,8b55a63869d141772c58d4af0136fe8f
37196091424770,1027077,8b55a63869d141772c58d4af0136fe8f
37196189990917,1027157,8b55a63869d141772c58d4af0136fe8f
37196227739651,1027412,8b55a63869d141772c58d4af0136fe8f
37196092473346,1027074,8b55a63869d141772c58d4af0136fe8f
37196189990919,1027160,8b55a63869d141772c58d4af0136fe8f
37196227739652,1027413,8b55a63869d141772c58d4af0136fe8f
37196092473345,1027073,8b55a63869d141772c58d4af0136fe8f
37196189990920,1027155,8b55a63869d141772c58d4af0136fe8f
37196227739653,1027417,8b55a63869d141772c58d4af0136fe8f
37196092473347,1027071,8b55a63869d141772c58d4af0136fe8f
37196189990918,1027159,8b55a63869d141772c58d4af0136fe8f
37196227739654,1027416,8b55a63869d141772c58d4af0136fe8f
37196092473348,1027075,8b55a63869d141772c58d4af0136fe8f
37196191039490,1027161,8b55a63869d141772c58d4af0136fe8f
37196227739655,1027415,8b55a63869d141772c58d4af0136fe8f
37196092473349,1027061,8b55a63869d141772c58d4af0136fe8f
37196191039489,1027153,8b55a63869d141772c58d4af0136fe8f
37196227739656,1027419,8b55a63869d141772c58d4af0136fe8f
37196092473352,1027079,8b55a63869d141772c58d4af0136fe8f
37196191039491,1027164,8b55a63869d141772c58d4af0136fe8f
37196227739657,1027418,8b55a63869d141772c58d4af0136fe8f
37196092473351,1027078,8b55a63869d141772c58d4af0136fe8f
37196191039492,1027163,8b55a63869d141772c58d4af0136fe8f
37196227739658,1027420,8b55a63869d141772c58d4af0136fe8f
37196092473353,1027087,8b55a63869d141772c58d4af0136fe8f
37196191039493,1027165,8b55a63869d141772c58d4af0136fe8f
37196227739659,1027427,8b55a63869d141772c58d4af0136fe8f
37196092473354,1027086,8b55a63869d141772c58d4af0136fe8f
37196191039494,1027167,8b55a63869d141772c58d4af0136fe8f
37196227739660,1027424,8b55a63869d141772c58d4af0136fe8f
37196093521921,1027081,8b55a63869d141772c58d4af0136fe8f
37196191039495,1027170,8b55a63869d141772c58d4af0136fe8f
37196227739661,1027423,8b55a63869d141772c58d4af0136fe8f
37196093521922,1027082,8b55a63869d141772c58d4af0136fe8f
37196191039496,1027169,8b55a63869d141772c58d4af0136fe8f
37196228788225,1027421,8b55a63869d141772c58d4af0136fe8f
37196093521923,1027084,8b55a63869d141772c58d4af0136fe8f
37196191039498,1027166,8b55a63869d141772c58d4af0136fe8f
37196228788226,1027422,8b55a63869d141772c58d4af0136fe8f
37196093521925,1027090,8b55a63869d141772c58d4af0136fe8f
37196191039497,1027172,8b55a63869d141772c58d4af0136fe8f
37196228788227,1027425,8b55a63869d141772c58d4af0136fe8f
37196093521926,1027085,8b55a63869d141772c58d4af0136fe8f
37196194185217,1027168,8b55a63869d141772c58d4af0136fe8f
37196228788229,1027429,8b55a63869d141772c58d4af0136fe8f
37196098764802,1027092,8b55a63869d141772c58d4af0136fe8f
37196192088065,1027171,8b55a63869d141772c58d4af0136fe8f
37196228788231,1027428,8b55a63869d141772c58d4af0136fe8f
37196098764803,1027080,8b55a63869d141772c58d4af0136fe8f
37196192088066,1027173,8b55a63869d141772c58d4af0136fe8f
37196228788230,1027426,8b55a63869d141772c58d4af0136fe8f
37196098764805,1027083,8b55a63869d141772c58d4af0136fe8f
37196192088067,1027176,8b55a63869d141772c58d4af0136fe8f
37196228788232,1027431,8b55a63869d141772c58d4af0136fe8f
37196098764804,1027089,8b55a63869d141772c58d4af0136fe8f
37196193136641,1027177,8b55a63869d141772c58d4af0136fe8f
37196228788233,1027430,8b55a63869d141772c58d4af0136fe8f
37196098764806,1027091,8b55a63869d141772c58d4af0136fe8f
37196194185218,1027180,8b55a63869d141772c58d4af0136fe8f
37196228788234,1027433,8b55a63869d141772c58d4af0136fe8f
37196099813378,1027088,8b55a63869d141772c58d4af0136fe8f
37196194185219,1027175,8b55a63869d141772c58d4af0136fe8f
37196229836801,1027432,8b55a63869d141772c58d4af0136fe8f
37196099813379,1027097,8b55a63869d141772c58d4af0136fe8f
37196194185220,1027179,8b55a63869d141772c58d4af0136fe8f
37196229836802,1027434,8b55a63869d141772c58d4af0136fe8f
37196099813380,1027096,8b55a63869d141772c58d4af0136fe8f
37196194185221,1027178,8b55a63869d141772c58d4af0136fe8f
37196229836803,1027435,8b55a63869d141772c58d4af0136fe8f
37196099813381,1027093,8b55a63869d141772c58d4af0136fe8f
37196194185222,1027183,8b55a63869d141772c58d4af0136fe8f
37196229836804,1027436,8b55a63869d141772c58d4af0136fe8f
37196099813382,1027100,8b55a63869d141772c58d4af0136fe8f
37196194185223,1027184,8b55a63869d141772c58d4af0136fe8f
37196229836805,1027438,8b55a63869d141772c58d4af0136fe8f
37196099813384,1027094,8b55a63869d141772c58d4af0136fe8f
37196194185224,1027181,8b55a63869d141772c58d4af0136fe8f
37196229836806,1027437,8b55a63869d141772c58d4af0136fe8f
37196099813383,1027099,8b55a63869d141772c58d4af0136fe8f
37196194185225,1027174,8b55a63869d141772c58d4af0136fe8f
37196229836807,1027444,8b55a63869d141772c58d4af0136fe8f
37196099813385,1027095,8b55a63869d141772c58d4af0136fe8f
37196194185226,1027182,8b55a63869d141772c58d4af0136fe8f
37196229836808,1027442,8b55a63869d141772c58d4af0136fe8f
37196099813386,1027105,8b55a63869d141772c58d4af0136fe8f
37196195233797,1027185,8b55a63869d141772c58d4af0136fe8f
37196229836809,1027440,8b55a63869d141772c58d4af0136fe8f
37196100861953,1027106,8b55a63869d141772c58d4af0136fe8f
37196195233795,1027187,8b55a63869d141772c58d4af0136fe8f
37196229836810,1027441,8b55a63869d141772c58d4af0136fe8f
37196100861958,1027103,8b55a63869d141772c58d4af0136fe8f
37196195233794,1027188,8b55a63869d141772c58d4af0136fe8f
37196230885377,1027439,8b55a63869d141772c58d4af0136fe8f
37196100861959,1027104,8b55a63869d141772c58d4af0136fe8f
37196195233793,1027186,8b55a63869d141772c58d4af0136fe8f
37196230885378,1027443,8b55a63869d141772c58d4af0136fe8f
37196101910532,1027102,8b55a63869d141772c58d4af0136fe8f
37196195233796,1027189,8b55a63869d141772c58d4af0136fe8f
37196230885379,1027445,8b55a63869d141772c58d4af0136fe8f
37196101910529,1027098,8b55a63869d141772c58d4af0136fe8f
37196195233798,1027191,8b55a63869d141772c58d4af0136fe8f
37196230885380,1027446,8b55a63869d141772c58d4af0136fe8f
37196101910533,1027111,8b55a63869d141772c58d4af0136fe8f
37196195233799,1027190,8b55a63869d141772c58d4af0136fe8f
37196230885381,1027447,8b55a63869d141772c58d4af0136fe8f
37196101910534,1027101,8b55a63869d141772c58d4af0136fe8f
37196195233800,1027195,8b55a63869d141772c58d4af0136fe8f
37196230885382,1027449,8b55a63869d141772c58d4af0136fe8f
37196101910531,1027107,8b55a63869d141772c58d4af0136fe8f
37196195233801,1027194,8b55a63869d141772c58d4af0136fe8f
37196230885383,1027448,8b55a63869d141772c58d4af0136fe8f
37196101910530,1027113,8b55a63869d141772c58d4af0136fe8f
37196195233802,1027192,8b55a63869d141772c58d4af0136fe8f
37196230885384,1027451,8b55a63869d141772c58d4af0136fe8f
37196101910535,1027108,8b55a63869d141772c58d4af0136fe8f
37196196282375,1027200,8b55a63869d141772c58d4af0136fe8f
37196231933964,1027452,8b55a63869d141772c58d4af0136fe8f
37196104007681,1027109,8b55a63869d141772c58d4af0136fe8f
37196196282376,1027201,8b55a63869d141772c58d4af0136fe8f
37196231933954,1027457,8b55a63869d141772c58d4af0136fe8f
37196104007682,1027112,8b55a63869d141772c58d4af0136fe8f
37196196282369,1027198,8b55a63869d141772c58d4af0136fe8f
37196230885385,1027450,8b55a63869d141772c58d4af0136fe8f
37196104007683,1027114,8b55a63869d141772c58d4af0136fe8f
37196196282370,1027196,8b55a63869d141772c58d4af0136fe8f
37196231933953,1027455,8b55a63869d141772c58d4af0136fe8f
37196104007688,1027119,8b55a63869d141772c58d4af0136fe8f
37196196282371,1027193,8b55a63869d141772c58d4af0136fe8f
37196231933955,1027454,8b55a63869d141772c58d4af0136fe8f
37196104007684,1027125,8b55a63869d141772c58d4af0136fe8f
37196196282372,1027197,8b55a63869d141772c58d4af0136fe8f
37196231933956,1027456,8b55a63869d141772c58d4af0136fe8f
37196104007686,1027123,8b55a63869d141772c58d4af0136fe8f
37196196282373,1027203,8b55a63869d141772c58d4af0136fe8f
37196231933957,1027458,8b55a63869d141772c58d4af0136fe8f
37196104007687,1027120,8b55a63869d141772c58d4af0136fe8f
37196196282374,1027202,8b55a63869d141772c58d4af0136fe8f
37196231933962,1027453,8b55a63869d141772c58d4af0136fe8f
37196104007685,1027115,8b55a63869d141772c58d4af0136fe8f
37196196282377,1027199,8b55a63869d141772c58d4af0136fe8f
37196231933958,1027461,8b55a63869d141772c58d4af0136fe8f
37196104007689,1027124,8b55a63869d141772c58d4af0136fe8f
37196196282378,1027205,8b55a63869d141772c58d4af0136fe8f
37196231933959,1027460,8b55a63869d141772c58d4af0136fe8f
37196104007691,1027117,8b55a63869d141772c58d4af0136fe8f
37196197330945,1027204,8b55a63869d141772c58d4af0136fe8f
37196231933960,1027459,8b55a63869d141772c58d4af0136fe8f
37196105056257,1027118,8b55a63869d141772c58d4af0136fe8f
37196197330946,1027209,8b55a63869d141772c58d4af0136fe8f
37196231933961,1027462,8b55a63869d141772c58d4af0136fe8f
37196105056258,1027122,8b55a63869d141772c58d4af0136fe8f
37196197330948,1027208,8b55a63869d141772c58d4af0136fe8f
37196231933963,1027464,8b55a63869d141772c58d4af0136fe8f
37196105056259,1027127,8b55a63869d141772c58d4af0136fe8f
37196197330949,1027207,8b55a63869d141772c58d4af0136fe8f
37196232982533,1027466,8b55a63869d141772c58d4af0136fe8f
37196105056260,1027116,8b55a63869d141772c58d4af0136fe8f
37196197330947,1027206,8b55a63869d141772c58d4af0136fe8f
37196232982529,1027463,8b55a63869d141772c58d4af0136fe8f
37196105056261,1027126,8b55a63869d141772c58d4af0136fe8f
37196197330950,1027211,8b55a63869d141772c58d4af0136fe8f
37196232982530,1027467,8b55a63869d141772c58d4af0136fe8f
37196105056262,1027131,8b55a63869d141772c58d4af0136fe8f
37196197330951,1027212,8b55a63869d141772c58d4af0136fe8f
37196232982531,1027465,8b55a63869d141772c58d4af0136fe8f
37196112396291,1027128,8b55a63869d141772c58d4af0136fe8f
37196197330953,1027210,8b55a63869d141772c58d4af0136fe8f
37196232982532,1027468,8b55a63869d141772c58d4af0136fe8f
37196105056263,1027130,8b55a63869d141772c58d4af0136fe8f
37196197330952,1027214,8b55a63869d141772c58d4af0136fe8f
37196232982534,1027469,8b55a63869d141772c58d4af0136fe8f
37196106104833,1027137,8b55a63869d141772c58d4af0136fe8f
37196197330954,1027217,8b55a63869d141772c58d4af0136fe8f
37196232982536,1027470,8b55a63869d141772c58d4af0136fe8f
37196106104835,1027129,8b55a63869d141772c58d4af0136fe8f
37196198379521,1027216,8b55a63869d141772c58d4af0136fe8f
37196232982537,1027471,8b55a63869d141772c58d4af0136fe8f
37196106104834,1027138,8b55a63869d141772c58d4af0136fe8f
37196198379522,1027213,8b55a63869d141772c58d4af0136fe8f
37196232982535,1027474,8b55a63869d141772c58d4af0136fe8f
37196106104836,1027134,8b55a63869d141772c58d4af0136fe8f
37196199428104,1027221,8b55a63869d141772c58d4af0136fe8f
37196232982538,1027472,8b55a63869d141772c58d4af0136fe8f
37196106104838,1027132,8b55a63869d141772c58d4af0136fe8f
37196199428097,1027218,8b55a63869d141772c58d4af0136fe8f
37196234031109,1027477,8b55a63869d141772c58d4af0136fe8f
37196106104839,1027133,8b55a63869d141772c58d4af0136fe8f
37196199428098,1027219,8b55a63869d141772c58d4af0136fe8f
37196234031105,1027473,8b55a63869d141772c58d4af0136fe8f
37196106104840,1027141,8b55a63869d141772c58d4af0136fe8f
37196199428099,1027215,8b55a63869d141772c58d4af0136fe8f
37196234031107,1027475,8b55a63869d141772c58d4af0136fe8f
37196107153409,1027147,8b55a63869d141772c58d4af0136fe8f
37196199428100,1027222,8b55a63869d141772c58d4af0136fe8f
37196234031106,1027476,8b55a63869d141772c58d4af0136fe8f
37196107153410,1027139,8b55a63869d141772c58d4af0136fe8f
37196199428101,1027224,8b55a63869d141772c58d4af0136fe8f
37196234031108,1027480,8b55a63869d141772c58d4af0136fe8f
37196107153411,1027135,8b55a63869d141772c58d4af0136fe8f
37196199428102,1027223,8b55a63869d141772c58d4af0136fe8f
37196234031110,1027479,8b55a63869d141772c58d4af0136fe8f
37196107153412,1027142,8b55a63869d141772c58d4af0136fe8f
37196199428103,1027220,8b55a63869d141772c58d4af0136fe8f
37196234031111,1027485,8b55a63869d141772c58d4af0136fe8f
37196115542018,1027146,8b55a63869d141772c58d4af0136fe8f
37196199428105,1027225,8b55a63869d141772c58d4af0136fe8f
37196235079681,1027481,8b55a63869d141772c58d4af0136fe8f
37196108201985,1027154,8b55a63869d141772c58d4af0136fe8f
37196200476673,1027227,8b55a63869d141772c58d4af0136fe8f
37196235079682,1027482,8b55a63869d141772c58d4af0136fe8f
37196108201987,1027156,8b55a63869d141772c58d4af0136fe8f
37196200476674,1027228,8b55a63869d141772c58d4af0136fe8f
37196235079683,1027478,8b55a63869d141772c58d4af0136fe8f
37196110299137,1027165,8b55a63869d141772c58d4af0136fe8f
37196200476675,1027230,8b55a63869d141772c58d4af0136fe8f
37196235079684,1027483,8b55a63869d141772c58d4af0136fe8f
37196111347715,1027169,8b55a63869d141772c58d4af0136fe8f
37196200476676,1027226,8b55a63869d141772c58d4af0136fe8f
37196235079685,1027484,8b55a63869d141772c58d4af0136fe8f
37196112396289,1027170,8b55a63869d141772c58d4af0136fe8f
37196200476677,1027232,8b55a63869d141772c58d4af0136fe8f
37196235079686,1027488,8b55a63869d141772c58d4af0136fe8f
37196112396290,1027172,8b55a63869d141772c58d4af0136fe8f
37196200476678,1027229,8b55a63869d141772c58d4af0136fe8f
37196235079687,1027486,8b55a63869d141772c58d4af0136fe8f
37196112396292,1027173,8b55a63869d141772c58d4af0136fe8f
37196200476679,1027231,8b55a63869d141772c58d4af0136fe8f
37196235079688,1027487,8b55a63869d141772c58d4af0136fe8f
37196114493441,1027174,8b55a63869d141772c58d4af0136fe8f
37196200476680,1027233,8b55a63869d141772c58d4af0136fe8f
37196235079689,1027489,8b55a63869d141772c58d4af0136fe8f
37196114493442,1027176,8b55a63869d141772c58d4af0136fe8f
37196200476681,1027235,8b55a63869d141772c58d4af0136fe8f
37196235079690,1027491,8b55a63869d141772c58d4af0136fe8f
37196118687745,1027167,8b55a63869d141772c58d4af0136fe8f
37196201525249,1027236,8b55a63869d141772c58d4af0136fe8f
37196235079691,1027490,8b55a63869d141772c58d4af0136fe8f
37196118687747,1027144,8b55a63869d141772c58d4af0136fe8f
37196201525250,1027238,8b55a63869d141772c58d4af0136fe8f
37196235079692,1027492,8b55a63869d141772c58d4af0136fe8f
37196118687748,1027150,8b55a63869d141772c58d4af0136fe8f
37196201525251,1027237,8b55a63869d141772c58d4af0136fe8f
37196235079693,1027494,8b55a63869d141772c58d4af0136fe8f
37196118687749,1027177,8b55a63869d141772c58d4af0136fe8f
37196201525252,1027240,8b55a63869d141772c58d4af0136fe8f
37196235079694,1027493,8b55a63869d141772c58d4af0136fe8f
37196119736321,1027158,8b55a63869d141772c58d4af0136fe8f
37196201525253,1027243,8b55a63869d141772c58d4af0136fe8f
37196236128257,1027495,8b55a63869d141772c58d4af0136fe8f
37196119736322,1027181,8b55a63869d141772c58d4af0136fe8f
37196201525254,1027239,8b55a63869d141772c58d4af0136fe8f
37196236128258,1027496,8b55a63869d141772c58d4af0136fe8f
37196120784898,1027182,8b55a63869d141772c58d4af0136fe8f
37196201525255,1027234,8b55a63869d141772c58d4af0136fe8f
37196236128259,1027497,8b55a63869d141772c58d4af0136fe8f
37196120784899,1027195,8b55a63869d141772c58d4af0136fe8f
37196202573827,1027242,8b55a63869d141772c58d4af0136fe8f
37196236128260,1027500,8b55a63869d141772c58d4af0136fe8f
37196120784900,1027187,8b55a63869d141772c58d4af0136fe8f
37196202573826,1027241,8b55a63869d141772c58d4af0136fe8f
37196236128261,1027499,8b55a63869d141772c58d4af0136fe8f
37196121833473,1027192,8b55a63869d141772c58d4af0136fe8f
37196202573828,1027245,8b55a63869d141772c58d4af0136fe8f
37196236128262,1027498,8b55a63869d141772c58d4af0136fe8f
37196121833475,1027198,8b55a63869d141772c58d4af0136fe8f
37196202573829,1027244,8b55a63869d141772c58d4af0136fe8f
37196236128263,1027502,8b55a63869d141772c58d4af0136fe8f
37196123930625,1027209,8b55a63869d141772c58d4af0136fe8f
37196202573830,1027251,8b55a63869d141772c58d4af0136fe8f
37196237176833,1027504,8b55a63869d141772c58d4af0136fe8f
37196123930626,1027213,8b55a63869d141772c58d4af0136fe8f
37196202573831,1027249,8b55a63869d141772c58d4af0136fe8f
37196237176834,1027503,8b55a63869d141772c58d4af0136fe8f
37196123930628,1027221,8b55a63869d141772c58d4af0136fe8f
37196203622401,1027250,8b55a63869d141772c58d4af0136fe8f
37196237176835,1027506,8b55a63869d141772c58d4af0136fe8f
37196124979201,1027224,8b55a63869d141772c58d4af0136fe8f
37196203622403,1027248,8b55a63869d141772c58d4af0136fe8f
37196237176837,1027509,8b55a63869d141772c58d4af0136fe8f
37196124979202,1027231,8b55a63869d141772c58d4af0136fe8f
37196203622402,1027246,8b55a63869d141772c58d4af0136fe8f
37196237176836,1027501,8b55a63869d141772c58d4af0136fe8f
37196126027777,1027229,8b55a63869d141772c58d4af0136fe8f
37196203622404,1027247,8b55a63869d141772c58d4af0136fe8f
37196237176838,1027507,8b55a63869d141772c58d4af0136fe8f
37196127076353,1027243,8b55a63869d141772c58d4af0136fe8f
37196205719555,1027255,8b55a63869d141772c58d4af0136fe8f
37196237176839,1027508,8b55a63869d141772c58d4af0136fe8f
37196127076354,1027250,8b55a63869d141772c58d4af0136fe8f
37196203622405,1027259,8b55a63869d141772c58d4af0136fe8f
37196237176840,1027510,8b55a63869d141772c58d4af0136fe8f
37196127076355,1027251,8b55a63869d141772c58d4af0136fe8f
37196205719554,1027263,8b55a63869d141772c58d4af0136fe8f
37196237176841,1027505,8b55a63869d141772c58d4af0136fe8f
37196128124929,1027261,8b55a63869d141772c58d4af0136fe8f
37196204670978,1027256,8b55a63869d141772c58d4af0136fe8f
37196238225409,1027511,8b55a63869d141772c58d4af0136fe8f
37196128124931,1027268,8b55a63869d141772c58d4af0136fe8f
37196203622406,1027252,8b55a63869d141772c58d4af0136fe8f
37196238225410,1027512,8b55a63869d141772c58d4af0136fe8f
37196128124930,1027260,8b55a63869d141772c58d4af0136fe8f
37196204670977,1027261,8b55a63869d141772c58d4af0136fe8f
37196238225411,1027513,8b55a63869d141772c58d4af0136fe8f
37196129173505,1027271,8b55a63869d141772c58d4af0136fe8f
37196205719556,1027264,8b55a63869d141772c58d4af0136fe8f
37196238225412,1027516,8b55a63869d141772c58d4af0136fe8f
37196129173506,1027275,8b55a63869d141772c58d4af0136fe8f
37196205719557,1027253,8b55a63869d141772c58d4af0136fe8f
37196239273985,1027514,8b55a63869d141772c58d4af0136fe8f
37196129173507,1027278,8b55a63869d141772c58d4af0136fe8f
37196206768129,1027257,8b55a63869d141772c58d4af0136fe8f
37196239273986,1027517,8b55a63869d141772c58d4af0136fe8f
37196130222081,1027288,8b55a63869d141772c58d4af0136fe8f
37196206768130,1027268,8b55a63869d141772c58d4af0136fe8f
37196239273987,1027518,8b55a63869d141772c58d4af0136fe8f
37196131270657,1027292,8b55a63869d141772c58d4af0136fe8f
37196206768131,1027258,8b55a63869d141772c58d4af0136fe8f
37196239273988,1027515,8b55a63869d141772c58d4af0136fe8f
37196131270659,1027299,8b55a63869d141772c58d4af0136fe8f
37196206768132,1027266,8b55a63869d141772c58d4af0136fe8f
37196239273989,1027519,8b55a63869d141772c58d4af0136fe8f
37196131270660,1027302,8b55a63869d141772c58d4af0136fe8f
37196206768133,1027267,8b55a63869d141772c58d4af0136fe8f
37196239273990,1027520,8b55a63869d141772c58d4af0136fe8f
37196133367809,1027321,8b55a63869d141772c58d4af0136fe8f
37196206768134,1027262,8b55a63869d141772c58d4af0136fe8f
37196240322561,1027522,8b55a63869d141772c58d4af0136fe8f
37196133367810,1027326,8b55a63869d141772c58d4af0136fe8f
37196206768135,1027254,8b55a63869d141772c58d4af0136fe8f
37196240322562,1027521,8b55a63869d141772c58d4af0136fe8f
37196134416385,1027336,8b55a63869d141772c58d4af0136fe8f
37196206768136,1027265,8b55a63869d141772c58d4af0136fe8f
37196240322563,1027523,8b55a63869d141772c58d4af0136fe8f
37196134416387,1027349,8b55a63869d141772c58d4af0136fe8f
37196207816706,1027269,8b55a63869d141772c58d4af0136fe8f
37196240322567,1027524,8b55a63869d141772c58d4af0136fe8f
37196135464962,1027358,8b55a63869d141772c58d4af0136fe8f
37196207816705,1027271,8b55a63869d141772c58d4af0136fe8f
37196240322564,1027529,8b55a63869d141772c58d4af0136fe8f
37196136513537,1027369,8b55a63869d141772c58d4af0136fe8f
37196207816707,1027260,8b55a63869d141772c58d4af0136fe8f
37196240322565,1027525,8b55a63869d141772c58d4af0136fe8f
37196136513538,1027380,8b55a63869d141772c58d4af0136fe8f
37196207816708,1027272,8b55a63869d141772c58d4af0136fe8f
37196240322566,1027528,8b55a63869d141772c58d4af0136fe8f
37196138610689,1027415,8b55a63869d141772c58d4af0136fe8f
37196207816709,1027273,8b55a63869d141772c58d4af0136fe8f
37196241371137,1027527,8b55a63869d141772c58d4af0136fe8f
37196139659265,1027417,8b55a63869d141772c58d4af0136fe8f
37196207816710,1027274,8b55a63869d141772c58d4af0136fe8f
37196240322568,1027526,8b55a63869d141772c58d4af0136fe8f
37196141756417,1027421,8b55a63869d141772c58d4af0136fe8f
37196207816711,1027275,8b55a63869d141772c58d4af0136fe8f
37196240322569,1027530,8b55a63869d141772c58d4af0136fe8f
37196142804993,1027422,8b55a63869d141772c58d4af0136fe8f
37196207816712,1027276,8b55a63869d141772c58d4af0136fe8f
37196241371138,1027534,8b55a63869d141772c58d4af0136fe8f
37196142804994,1027432,8b55a63869d141772c58d4af0136fe8f
37196207816713,1027277,8b55a63869d141772c58d4af0136fe8f
37196241371139,1027531,8b55a63869d141772c58d4af0136fe8f
37196143853569,1027438,8b55a63869d141772c58d4af0136fe8f
37196208865281,1027281,8b55a63869d141772c58d4af0136fe8f
37196241371140,1027535,8b55a63869d141772c58d4af0136fe8f
37196144902145,1027442,8b55a63869d141772c58d4af0136fe8f
37196208865282,1027280,8b55a63869d141772c58d4af0136fe8f
37196241371141,1027533,8b55a63869d141772c58d4af0136fe8f
37196144902146,1027446,8b55a63869d141772c58d4af0136fe8f
37196209913857,1027278,8b55a63869d141772c58d4af0136fe8f
37196241371142,1027532,8b55a63869d141772c58d4af0136fe8f
37196144902147,1027450,8b55a63869d141772c58d4af0136fe8f
37196209913858,1027279,8b55a63869d141772c58d4af0136fe8f
37196241371143,1027539,8b55a63869d141772c58d4af0136fe8f
37196145950721,1027458,8b55a63869d141772c58d4af0136fe8f
37196209913859,1027270,8b55a63869d141772c58d4af0136fe8f
37196241371144,1027536,8b55a63869d141772c58d4af0136fe8f
37196145950722,1027461,8b55a63869d141772c58d4af0136fe8f
37196209913860,1027284,8b55a63869d141772c58d4af0136fe8f
37196242419713,1027538,8b55a63869d141772c58d4af0136fe8f
37196150145025,1027468,8b55a63869d141772c58d4af0136fe8f
37196209913861,1027283,8b55a63869d141772c58d4af0136fe8f
37196242419714,1027537,8b55a63869d141772c58d4af0136fe8f
37196151193601,1027470,8b55a63869d141772c58d4af0136fe8f
37196209913862,1027282,8b55a63869d141772c58d4af0136fe8f
37196242419715,1027541,8b55a63869d141772c58d4af0136fe8f
37196209913863,1027285,8b55a63869d141772c58d4af0136fe8f
37196242419716,1027540,8b55a63869d141772c58d4af0136fe8f
37196154339330,1027473,8b55a63869d141772c58d4af0136fe8f
37196209913864,1027286,8b55a63869d141772c58d4af0136fe8f
37196242419717,1027542,8b55a63869d141772c58d4af0136fe8f
37196155387905,1027488,8b55a63869d141772c58d4af0136fe8f
37196209913865,1027288,8b55a63869d141772c58d4af0136fe8f
37196242419718,1027545,8b55a63869d141772c58d4af0136fe8f
37196155387906,1027486,8b55a63869d141772c58d4af0136fe8f
37196209913866,1027287,8b55a63869d141772c58d4af0136fe8f
37196243468289,1027543,8b55a63869d141772c58d4af0136fe8f
37196156436481,1027495,8b55a63869d141772c58d4af0136fe8f
37196210962433,1027289,8b55a63869d141772c58d4af0136fe8f
37196243468291,1027547,8b55a63869d141772c58d4af0136fe8f
37196157485057,1027504,8b55a63869d141772c58d4af0136fe8f
37196210962434,1027291,8b55a63869d141772c58d4af0136fe8f
37196244516865,1027546,8b55a63869d141772c58d4af0136fe8f
37196159582209,1027503,8b55a63869d141772c58d4af0136fe8f
37196210962435,1027290,8b55a63869d141772c58d4af0136fe8f
37196244516866,1027544,8b55a63869d141772c58d4af0136fe8f
37196159582210,1027508,8b55a63869d141772c58d4af0136fe8f
37196210962436,1027292,8b55a63869d141772c58d4af0136fe8f
37196244516868,1027548,8b55a63869d141772c58d4af0136fe8f
37196161679361,1027511,8b55a63869d141772c58d4af0136fe8f
37196210962437,1027294,8b55a63869d141772c58d4af0136fe8f
37196161679362,1027519,8b55a63869d141772c58d4af0136fe8f
37196210962439,1027295,8b55a63869d141772c58d4af0136fe8f
37196162727937,1027525,8b55a63869d141772c58d4af0136fe8f
37196210962438,1027299,8b55a63869d141772c58d4af0136fe8f
37196163776513,1027530,8b55a63869d141772c58d4af0136fe8f
37196212011010,1027298,8b55a63869d141772c58d4af0136fe8f
37196163776514,1027534,8b55a63869d141772c58d4af0136fe8f
37196212011011,1027293,8b55a63869d141772c58d4af0136fe8f
37196163776515,1027535,8b55a63869d141772c58d4af0136fe8f
37196212011012,1027296,8b55a63869d141772c58d4af0136fe8f
37196164825089,1027539,8b55a63869d141772c58d4af0136fe8f
37196213059585,1027297,8b55a63869d141772c58d4af0136fe8f
37196165873665,1027541,8b55a63869d141772c58d4af0136fe8f
37196213059586,1027302,8b55a63869d141772c58d4af0136fe8f
37196165873666,1027545,8b55a63869d141772c58d4af0136fe8f
37196213059591,1027300,8b55a63869d141772c58d4af0136fe8f
37196166922241,1027547,8b55a63869d141772c58d4af0136fe8f
37196213059587,1027304,8b55a63869d141772c58d4af0136fe8f
37196166922242,1027546,8b55a63869d141772c58d4af0136fe8f
37196213059588,1027305,8b55a63869d141772c58d4af0136fe8f
37196166922244,1027548,8b55a63869d141772c58d4af0136fe8f
37196213059589,1027301,8b55a63869d141772c58d4af0136fe8f
37196179505153,1027054,8b55a63869d141772c58d4af0136fe8f
37196213059590,1027303,8b55a63869d141772c58d4af0136fe8f
37196179505162,1027055,8b55a63869d141772c58d4af0136fe8f
37196213059592,1027306,8b55a63869d141772c58d4af0136fe8f
37196179505155,1027053,8b55a63869d141772c58d4af0136fe8f
37196213059594,1027307,8b55a63869d141772c58d4af0136fe8f
37196179505156,1027050,8b55a63869d141772c58d4af0136fe8f
37196213059595,1027308,8b55a63869d141772c58d4af0136fe8f
37196179505154,1027056,8b55a63869d141772c58d4af0136fe8f
37196213059596,1027309,8b55a63869d141772c58d4af0136fe8f
37196179505157,1027051,8b55a63869d141772c58d4af0136fe8f
37196214108161,1027311,8b55a63869d141772c58d4af0136fe8f
37196179505159,1027049,8b55a63869d141772c58d4af0136fe8f
37196214108162,1027310,8b55a63869d141772c58d4af0136fe8f
37196179505158,1027060,8b55a63869d141772c58d4af0136fe8f
37196214108163,1027312,8b55a63869d141772c58d4af0136fe8f
37196179505160,1027052,8b55a63869d141772c58d4af0136fe8f
37196214108164,1027313,8b55a63869d141772c58d4af0136fe8f
37196179505161,1027057,8b55a63869d141772c58d4af0136fe8f
37196214108165,1027314,8b55a63869d141772c58d4af0136fe8f
37196180553729,1027058,8b55a63869d141772c58d4af0136fe8f
37196214108166,1027315,8b55a63869d141772c58d4af0136fe8f
37196180553730,1027063,8b55a63869d141772c58d4af0136fe8f
37196214108167,1027317,8b55a63869d141772c58d4af0136fe8f
37196180553737,1027059,8b55a63869d141772c58d4af0136fe8f
37196214108168,1027318,8b55a63869d141772c58d4af0136fe8f
37196180553732,1027065,8b55a63869d141772c58d4af0136fe8f
37196214108169,1027316,8b55a63869d141772c58d4af0136fe8f
37196180553738,1027064,8b55a63869d141772c58d4af0136fe8f
37196215156737,1027319,8b55a63869d141772c58d4af0136fe8f
37196180553731,1027068,8b55a63869d141772c58d4af0136fe8f
37196215156738,1027321,8b55a63869d141772c58d4af0136fe8f
37196180553733,1027062,8b55a63869d141772c58d4af0136fe8f
37196216205313,1027322,8b55a63869d141772c58d4af0136fe8f
37196180553735,1027066,8b55a63869d141772c58d4af0136fe8f
37196216205314,1027320,8b55a63869d141772c58d4af0136fe8f
37196180553736,1027067,8b55a63869d141772c58d4af0136fe8f
37196216205315,1027323,8b55a63869d141772c58d4af0136fe8f
37196180553734,1027069,8b55a63869d141772c58d4af0136fe8f
37196216205316,1027324,8b55a63869d141772c58d4af0136fe8f
37196180553739,1027070,8b55a63869d141772c58d4af0136fe8f
37196216205317,1027325,8b55a63869d141772c58d4af0136fe8f
37196180553740,1027072,8b55a63869d141772c58d4af0136fe8f
37196216205318,1027326,8b55a63869d141772c58d4af0136fe8f
37196181602305,1027077,8b55a63869d141772c58d4af0136fe8f
37196216205320,1027327,8b55a63869d141772c58d4af0136fe8f
37196181602306,1027076,8b55a63869d141772c58d4af0136fe8f
37196216205321,1027330,8b55a63869d141772c58d4af0136fe8f
37196181602308,1027071,8b55a63869d141772c58d4af0136fe8f
37196217253892,1027329,8b55a63869d141772c58d4af0136fe8f
37196181602307,1027073,8b55a63869d141772c58d4af0136fe8f
37196217253889,1027328,8b55a63869d141772c58d4af0136fe8f
37196181602310,1027075,8b55a63869d141772c58d4af0136fe8f
37196217253890,1027331,8b55a63869d141772c58d4af0136fe8f
37196181602309,1027074,8b55a63869d141772c58d4af0136fe8f
37196217253891,1027332,8b55a63869d141772c58d4af0136fe8f
37196181602311,1027061,8b55a63869d141772c58d4af0136fe8f
37196217253896,1027335,8b55a63869d141772c58d4af0136fe8f
37196181602312,1027078,8b55a63869d141772c58d4af0136fe8f
37196217253893,1027336,8b55a63869d141772c58d4af0136fe8f
37196181602313,1027079,8b55a63869d141772c58d4af0136fe8f
37196217253894,1027333,8b55a63869d141772c58d4af0136fe8f
37196181602314,1027087,8b55a63869d141772c58d4af0136fe8f
37196217253895,1027334,8b55a63869d141772c58d4af0136fe8f
37196181602315,1027086,8b55a63869d141772c58d4af0136fe8f
37196218302465,1027337,8b55a63869d141772c58d4af0136fe8f
37196181602316,1027081,8b55a63869d141772c58d4af0136fe8f
37196218302466,1027339,8b55a63869d141772c58d4af0136fe8f
37196182650883,1027083,8b55a63869d141772c58d4af0136fe8f
37196218302467,1027341,8b55a63869d141772c58d4af0136fe8f
37196182650884,1027084,8b55a63869d141772c58d4af0136fe8f
37196218302468,1027340,8b55a63869d141772c58d4af0136fe8f
37196182650886,1027082,8b55a63869d141772c58d4af0136fe8f
37196218302469,1027338,8b55a63869d141772c58d4af0136fe8f
37196182650887,1027090,8b55a63869d141772c58d4af0136fe8f
37196219351041,1027342,8b55a63869d141772c58d4af0136fe8f
37196182650888,1027080,8b55a63869d141772c58d4af0136fe8f
37196219351042,1027345,8b55a63869d141772c58d4af0136fe8f
37196182650889,1027089,8b55a63869d141772c58d4af0136fe8f
37196219351045,1027346,8b55a63869d141772c58d4af0136fe8f
37196182650890,1027092,8b55a63869d141772c58d4af0136fe8f
37196219351043,1027347,8b55a63869d141772c58d4af0136fe8f
37196182650891,1027085,8b55a63869d141772c58d4af0136fe8f
37196219351044,1027343,8b55a63869d141772c58d4af0136fe8f
37196182650892,1027091,8b55a63869d141772c58d4af0136fe8f
37196219351046,1027348,8b55a63869d141772c58d4af0136fe8f
37196183699457,1027088,8b55a63869d141772c58d4af0136fe8f
37196219351047,1027349,8b55a63869d141772c58d4af0136fe8f
37196183699458,1027097,8b55a63869d141772c58d4af0136fe8f
37196219351048,1027350,8b55a63869d141772c58d4af0136fe8f
37196183699459,1027096,8b55a63869d141772c58d4af0136fe8f
37196219351049,1027351,8b55a63869d141772c58d4af0136fe8f
37196183699460,1027093,8b55a63869d141772c58d4af0136fe8f
37196220399617,1027353,8b55a63869d141772c58d4af0136fe8f
37196183699461,1027095,8b55a63869d141772c58d4af0136fe8f
37196220399618,1027352,8b55a63869d141772c58d4af0136fe8f
37196183699462,1027094,8b55a63869d141772c58d4af0136fe8f
37196220399619,1027354,8b55a63869d141772c58d4af0136fe8f
37196183699463,1027099,8b55a63869d141772c58d4af0136fe8f
37196220399620,1027355,8b55a63869d141772c58d4af0136fe8f
37196183699464,1027105,8b55a63869d141772c58d4af0136fe8f
37196220399623,1027359,8b55a63869d141772c58d4af0136fe8f
37196183699465,1027100,8b55a63869d141772c58d4af0136fe8f
37196220399621,1027356,8b55a63869d141772c58d4af0136fe8f
37196183699466,1027103,8b55a63869d141772c58d4af0136fe8f
37196220399622,1027360,8b55a63869d141772c58d4af0136fe8f
37196183699467,1027106,8b55a63869d141772c58d4af0136fe8f
37196220399624,1027344,8b55a63869d141772c58d4af0136fe8f
37196183699468,1027104,8b55a63869d141772c58d4af0136fe8f
37196220399625,1027358,8b55a63869d141772c58d4af0136fe8f
37196183699469,1027098,8b55a63869d141772c58d4af0136fe8f
37196220399626,1027361,8b55a63869d141772c58d4af0136fe8f
37196183699470,1027101,8b55a63869d141772c58d4af0136fe8f
37196221448193,1027366,8b55a63869d141772c58d4af0136fe8f
37196183699471,1027107,8b55a63869d141772c58d4af0136fe8f
37196221448195,1027357,8b55a63869d141772c58d4af0136fe8f
37196184748033,1027113,8b55a63869d141772c58d4af0136fe8f
37196222496769,1027368,8b55a63869d141772c58d4af0136fe8f
37196184748034,1027108,8b55a63869d141772c58d4af0136fe8f
37196222496774,1027362,8b55a63869d141772c58d4af0136fe8f
37196184748035,1027110,8b55a63869d141772c58d4af0136fe8f
37196221448197,1027365,8b55a63869d141772c58d4af0136fe8f
37196184748036,1027111,8b55a63869d141772c58d4af0136fe8f
37196222496771,1027363,8b55a63869d141772c58d4af0136fe8f
37196184748037,1027109,8b55a63869d141772c58d4af0136fe8f
37196222496772,1027367,8b55a63869d141772c58d4af0136fe8f
37196184748038,1027125,8b55a63869d141772c58d4af0136fe8f
37196222496770,1027364,8b55a63869d141772c58d4af0136fe8f
37196184748039,1027120,8b55a63869d141772c58d4af0136fe8f
37196222496773,1027369,8b55a63869d141772c58d4af0136fe8f
37196184748040,1027112,8b55a63869d141772c58d4af0136fe8f
37196222496775,1027370,8b55a63869d141772c58d4af0136fe8f
37196184748041,1027114,8b55a63869d141772c58d4af0136fe8f
37196222496777,1027371,8b55a63869d141772c58d4af0136fe8f
37196184748042,1027119,8b55a63869d141772c58d4af0136fe8f
37196223545345,1027374,8b55a63869d141772c58d4af0136fe8f
37196184748043,1027123,8b55a63869d141772c58d4af0136fe8f
37196223545346,1027377,8b55a63869d141772c58d4af0136fe8f
37196185796609,1027121,8b55a63869d141772c58d4af0136fe8f
37196223545348,1027373,8b55a63869d141772c58d4af0136fe8f
37196185796610,1027124,8b55a63869d141772c58d4af0136fe8f
37196223545352,1027372,8b55a63869d141772c58d4af0136fe8f
37196185796611,1027117,8b55a63869d141772c58d4af0136fe8f
37196223545350,1027375,8b55a63869d141772c58d4af0136fe8f
37194974691330,1027053,8b55a63869d141772c58d4af0136fe8f
37196185796612,1027122,8b55a63869d141772c58d4af0136fe8f
37196223545351,1027380,8b55a63869d141772c58d4af0136fe8f
37195712888833,1027100,8b55a63869d141772c58d4af0136fe8f
37196185796613,1027128,8b55a63869d141772c58d4af0136fe8f
37196223545353,1027378,8b55a63869d141772c58d4af0136fe8f
37196185796614,1027118,8b55a63869d141772c58d4af0136fe8f
37196223545349,1027376,8b55a63869d141772c58d4af0136fe8f
37195983421441,1027053,8b55a63869d141772c58d4af0136fe8f
37196185796615,1027116,8b55a63869d141772c58d4af0136fe8f
37196223545355,1027379,8b55a63869d141772c58d4af0136fe8f
37196036898817,1027053,8b55a63869d141772c58d4af0136fe8f
37196185796616,1027126,8b55a63869d141772c58d4af0136fe8f
37196223545354,1027382,8b55a63869d141772c58d4af0136fe8f
37196037947393,1027054,8b55a63869d141772c58d4af0136fe8f
37196185796617,1027127,8b55a63869d141772c58d4af0136fe8f
37196223545357,1027381,8b55a63869d141772c58d4af0136fe8f
37196037947394,1027055,8b55a63869d141772c58d4af0136fe8f
37196185796618,1027102,8b55a63869d141772c58d4af0136fe8f
37196224593921,1027383,8b55a63869d141772c58d4af0136fe8f
37196037947396,1027050,8b55a63869d141772c58d4af0136fe8f
37196186845185,1027115,8b55a63869d141772c58d4af0136fe8f
37196224593922,1027384,8b55a63869d141772c58d4af0136fe8f
37196037947395,1027052,8b55a63869d141772c58d4af0136fe8f
37196186845186,1027131,8b55a63869d141772c58d4af0136fe8f
37196224593923,1027387,8b55a63869d141772c58d4af0136fe8f
37196037947399,1027051,8b55a63869d141772c58d4af0136fe8f
37196186845187,1027129,8b55a63869d141772c58d4af0136fe8f
37196224593924,1027386,8b55a63869d141772c58d4af0136fe8f
37196037947397,1027057,8b55a63869d141772c58d4af0136fe8f
37196186845188,1027137,8b55a63869d141772c58d4af0136fe8f
37196224593925,1027388,8b55a63869d141772c58d4af0136fe8f
37196037947398,1027056,8b55a63869d141772c58d4af0136fe8f
37196186845189,1027138,8b55a63869d141772c58d4af0136fe8f
37196224593926,1027385,8b55a63869d141772c58d4af0136fe8f
37196037947400,1027060,8b55a63869d141772c58d4af0136fe8f
37196186845191,1027130,8b55a63869d141772c58d4af0136fe8f
37196224593927,1027389,8b55a63869d141772c58d4af0136fe8f
37196186845190,1027134,8b55a63869d141772c58d4af0136fe8f
37196224593928,1027390,8b55a63869d141772c58d4af0136fe8f
37196087230465,1027053,8b55a63869d141772c58d4af0136fe8f
37196186845192,1027133,8b55a63869d141772c58d4af0136fe8f
37196224593930,1027391,8b55a63869d141772c58d4af0136fe8f
37196087230466,1027057,8b55a63869d141772c58d4af0136fe8f
37196186845193,1027147,8b55a63869d141772c58d4af0136fe8f
37196225642497,1027393,8b55a63869d141772c58d4af0136fe8f
37196087230468,1027051,8b55a63869d141772c58d4af0136fe8f
37196186845195,1027132,8b55a63869d141772c58d4af0136fe8f
37196225642501,1027392,8b55a63869d141772c58d4af0136fe8f
37196088279041,1027055,8b55a63869d141772c58d4af0136fe8f
37196186845194,1027141,8b55a63869d141772c58d4af0136fe8f
37196225642498,1027394,8b55a63869d141772c58d4af0136fe8f
37196087230467,1027050,8b55a63869d141772c58d4af0136fe8f
37196186845196,1027136,8b55a63869d141772c58d4af0136fe8f
37196225642499,1027400,8b55a63869d141772c58d4af0136fe8f
37196088279042,1027054,8b55a63869d141772c58d4af0136fe8f
37196187893761,1027139,8b55a63869d141772c58d4af0136fe8f
37196225642500,1027398,8b55a63869d141772c58d4af0136fe8f
37196088279043,1027056,8b55a63869d141772c58d4af0136fe8f
37196186845197,1027135,8b55a63869d141772c58d4af0136fe8f
37196225642503,1027397,8b55a63869d141772c58d4af0136fe8f
37196088279044,1027052,8b55a63869d141772c58d4af0136fe8f
37196187893762,1027142,8b55a63869d141772c58d4af0136fe8f
37196225642504,1027395,8b55a63869d141772c58d4af0136fe8f
37196088279045,1027060,8b55a63869d141772c58d4af0136fe8f
37196187893764,1027148,8b55a63869d141772c58d4af0136fe8f
37196225642502,1027396,8b55a63869d141772c58d4af0136fe8f
