1027049,8b55a63869d141772c58d4af0136fe8f,1027548,1027053
1027053,8b55a63869d141772c58d4af0136fe8f,1027049,1027050
1027050,8b55a63869d141772c58d4af0136fe8f,1027053,1027051
1027051,8b55a63869d141772c58d4af0136fe8f,1027050,1027055
1027055,8b55a63869d141772c58d4af0136fe8f,1027051,1027054
1027054,8b55a63869d141772c58d4af0136fe8f,1027055,1027052
1027052,8b55a63869d141772c58d4af0136fe8f,1027054,1027056
1027056,8b55a63869d141772c58d4af0136fe8f,1027052,1027057
1027057,8b55a63869d141772c58d4af0136fe8f,1027056,1027060
1027060,8b55a63869d141772c58d4af0136fe8f,1027057,1027058
1027058,8b55a63869d141772c58d4af0136fe8f,1027060,1027059
1027059,8b55a63869d141772c58d4af0136fe8f,1027058,1027063
1027063,8b55a63869d141772c58d4af0136fe8f,1027059,1027062
1027062,8b55a63869d141772c58d4af0136fe8f,1027063,1027064
1027064,8b55a63869d141772c58d4af0136fe8f,1027062,1027065
1027065,8b55a63869d141772c58d4af0136fe8f,1027064,1027066
1027066,8b55a63869d141772c58d4af0136fe8f,1027065,1027067
1027067,8b55a63869d141772c58d4af0136fe8f,1027066,1027068
1027068,8b55a63869d141772c58d4af0136fe8f,1027067,1027069
1027069,8b55a63869d141772c58d4af0136fe8f,1027068,1027070
1027070,8b55a63869d141772c58d4af0136fe8f,1027069,1027072
1027072,8b55a63869d141772c58d4af0136fe8f,1027070,1027073
1027073,8b55a63869d141772c58d4af0136fe8f,1027072,1027076
1027076,8b55a63869d141772c58d4af0136fe8f,1027073,1027077
1027077,8b55a63869d141772c58d4af0136fe8f,1027076,1027071
1027071,8b55a63869d141772c58d4af0136fe8f,1027077,1027075
1027075,8b55a63869d141772c58d4af0136fe8f,1027071,1027074
1027074,8b55a63869d141772c58d4af0136fe8f,1027075,1027061
1027061,8b55a63869d141772c58d4af0136fe8f,1027074,1027078
1027078,8b55a63869d141772c58d4af0136fe8f,1027061,1027079
1027079,8b55a63869d141772c58d4af0136fe8f,1027078,1027087
1027087,8b55a63869d141772c58d4af0136fe8f,1027079,1027086
1027086,8b55a63869d141772c58d4af0136fe8f,1027087,1027081
1027081,8b55a63869d141772c58d4af0136fe8f,1027086,1027083
1027083,8b55a63869d141772c58d4af0136fe8f,1027081,1027085
1027085,8b55a63869d141772c58d4af0136fe8f,1027083,1027084
1027084,8b55a63869d141772c58d4af0136fe8f,1027085,1027082
1027082,8b55a63869d141772c58d4af0136fe8f,1027084,1027092
1027092,8b55a63869d141772c58d4af0136fe8f,1027082,1027089
1027089,8b55a63869d141772c58d4af0136fe8f,1027092,1027090
1027090,8b55a63869d141772c58d4af0136fe8f,1027089,1027080
1027080,8b55a63869d141772c58d4af0136fe8f,1027090,1027091
1027091,8b55a63869d141772c58d4af0136fe8f,1027080,1027088
1027088,8b55a63869d141772c58d4af0136fe8f,1027091,1027097
1027097,8b55a63869d141772c58d4af0136fe8f,1027088,1027096
1027096,8b55a63869d141772c58d4af0136fe8f,1027097,1027093
1027093,8b55a63869d141772c58d4af0136fe8f,1027096,1027094
1027094,8b55a63869d141772c58d4af0136fe8f,1027093,1027095
1027095,8b55a63869d141772c58d4af0136fe8f,1027094,1027099
1027099,8b55a63869d141772c58d4af0136fe8f,1027095,1027100
1027100,8b55a63869d141772c58d4af0136fe8f,1027099,1027105
1027105,8b55a63869d141772c58d4af0136fe8f,1027100,1027103
1027103,8b55a63869d141772c58d4af0136fe8f,1027105,1027106
1027106,8b55a63869d141772c58d4af0136fe8f,1027103,1027104
1027104,8b55a63869d141772c58d4af0136fe8f,1027106,1027098
1027098,8b55a63869d141772c58d4af0136fe8f,1027104,1027101
1027101,8b55a63869d141772c58d4af0136fe8f,1027098,1027102
1027102,8b55a63869d141772c58d4af0136fe8f,1027101,1027107
1027107,8b55a63869d141772c58d4af0136fe8f,1027102,1027111
1027111,8b55a63869d141772c58d4af0136fe8f,1027107,1027110
1027110,8b55a63869d141772c58d4af0136fe8f,1027111,1027113
1027113,8b55a63869d141772c58d4af0136fe8f,1027110,1027108
1027108,8b55a63869d141772c58d4af0136fe8f,1027113,1027109
1027109,8b55a63869d141772c58d4af0136fe8f,1027108,1027112
1027112,8b55a63869d141772c58d4af0136fe8f,1027109,1027120
1027120,8b55a63869d141772c58d4af0136fe8f,1027112,1027125
1027125,8b55a63869d141772c58d4af0136fe8f,1027120,1027114
1027114,8b55a63869d141772c58d4af0136fe8f,1027125,1027119
1027119,8b55a63869d141772c58d4af0136fe8f,1027114,1027115
1027115,8b55a63869d141772c58d4af0136fe8f,1027119,1027121
1027121,8b55a63869d141772c58d4af0136fe8f,1027115,1027123
1027123,8b55a63869d141772c58d4af0136fe8f,1027121,1027124
1027124,8b55a63869d141772c58d4af0136fe8f,1027123,1027117
1027117,8b55a63869d141772c58d4af0136fe8f,1027124,1027118
1027118,8b55a63869d141772c58d4af0136fe8f,1027117,1027122
1027122,8b55a63869d141772c58d4af0136fe8f,1027118,1027128
1027128,8b55a63869d141772c58d4af0136fe8f,1027122,1027116
1027116,8b55a63869d141772c58d4af0136fe8f,1027128,1027126
1027126,8b55a63869d141772c58d4af0136fe8f,1027116,1027127
1027127,8b55a63869d141772c58d4af0136fe8f,1027126,1027131
1027131,8b55a63869d141772c58d4af0136fe8f,1027127,1027129
1027129,8b55a63869d141772c58d4af0136fe8f,1027131,1027130
1027130,8b55a63869d141772c58d4af0136fe8f,1027129,1027137
1027137,8b55a63869d141772c58d4af0136fe8f,1027130,1027138
1027138,8b55a63869d141772c58d4af0136fe8f,1027137,1027134
1027134,8b55a63869d141772c58d4af0136fe8f,1027138,1027133
1027133,8b55a63869d141772c58d4af0136fe8f,1027134,1027147
1027147,8b55a63869d141772c58d4af0136fe8f,1027133,1027132
1027132,8b55a63869d141772c58d4af0136fe8f,1027147,1027141
1027141,8b55a63869d141772c58d4af0136fe8f,1027132,1027136
1027136,8b55a63869d141772c58d4af0136fe8f,1027141,1027135
1027135,8b55a63869d141772c58d4af0136fe8f,1027136,1027139
1027139,8b55a63869d141772c58d4af0136fe8f,1027135,1027142
1027142,8b55a63869d141772c58d4af0136fe8f,1027139,1027148
1027148,8b55a63869d141772c58d4af0136fe8f,1027142,1027140
1027140,8b55a63869d141772c58d4af0136fe8f,1027148,1027145
1027145,8b55a63869d141772c58d4af0136fe8f,1027140,1027144
1027144,8b55a63869d141772c58d4af0136fe8f,1027145,1027143
1027143,8b55a63869d141772c58d4af0136fe8f,1027144,1027146
1027146,8b55a63869d141772c58d4af0136fe8f,1027143,1027149
1027149,8b55a63869d141772c58d4af0136fe8f,1027146,1027150
1027150,8b55a63869d141772c58d4af0136fe8f,1027149,1027152
1027152,8b55a63869d141772c58d4af0136fe8f,1027150,1027151
1027151,8b55a63869d141772c58d4af0136fe8f,1027152,1027154
1027154,8b55a63869d141772c58d4af0136fe8f,1027151,1027153
1027153,8b55a63869d141772c58d4af0136fe8f,1027154,1027156
1027156,8b55a63869d141772c58d4af0136fe8f,1027153,1027155
1027155,8b55a63869d141772c58d4af0136fe8f,1027156,1027157
1027157,8b55a63869d141772c58d4af0136fe8f,1027155,1027159
1027159,8b55a63869d141772c58d4af0136fe8f,1027157,1027160
1027160,8b55a63869d141772c58d4af0136fe8f,1027159,1027158
1027158,8b55a63869d141772c58d4af0136fe8f,1027160,1027161
1027161,8b55a63869d141772c58d4af0136fe8f,1027158,1027162
1027162,8b55a63869d141772c58d4af0136fe8f,1027161,1027163
1027163,8b55a63869d141772c58d4af0136fe8f,1027162,1027164
1027164,8b55a63869d141772c58d4af0136fe8f,1027163,1027165
1027165,8b55a63869d141772c58d4af0136fe8f,1027164,1027166
1027166,8b55a63869d141772c58d4af0136fe8f,1027165,1027167
1027167,8b55a63869d141772c58d4af0136fe8f,1027166,1027168
1027168,8b55a63869d141772c58d4af0136fe8f,1027167,1027169
1027169,8b55a63869d141772c58d4af0136fe8f,1027168,1027170
1027170,8b55a63869d141772c58d4af0136fe8f,1027169,1027171
1027171,8b55a63869d141772c58d4af0136fe8f,1027170,1027172
1027172,8b55a63869d141772c58d4af0136fe8f,1027171,1027173
1027173,8b55a63869d141772c58d4af0136fe8f,1027172,1027174
1027174,8b55a63869d141772c58d4af0136fe8f,1027173,1027176
1027176,8b55a63869d141772c58d4af0136fe8f,1027174,1027177
1027177,8b55a63869d141772c58d4af0136fe8f,1027176,1027175
1027175,8b55a63869d141772c58d4af0136fe8f,1027177,1027180
1027180,8b55a63869d141772c58d4af0136fe8f,1027175,1027179
1027179,8b55a63869d141772c58d4af0136fe8f,1027180,1027178
1027178,8b55a63869d141772c58d4af0136fe8f,1027179,1027183
1027183,8b55a63869d141772c58d4af0136fe8f,1027178,1027181
1027181,8b55a63869d141772c58d4af0136fe8f,1027183,1027184
1027184,8b55a63869d141772c58d4af0136fe8f,1027181,1027182
1027182,8b55a63869d141772c58d4af0136fe8f,1027184,1027185
1027185,8b55a63869d141772c58d4af0136fe8f,1027182,1027186
1027186,8b55a63869d141772c58d4af0136fe8f,1027185,1027187
1027187,8b55a63869d141772c58d4af0136fe8f,1027186,1027188
1027188,8b55a63869d141772c58d4af0136fe8f,1027187,1027189
1027189,8b55a63869d141772c58d4af0136fe8f,1027188,1027190
1027190,8b55a63869d141772c58d4af0136fe8f,1027189,1027191
1027191,8b55a63869d141772c58d4af0136fe8f,1027190,1027195
1027195,8b55a63869d141772c58d4af0136fe8f,1027191,1027194
1027194,8b55a63869d141772c58d4af0136fe8f,1027195,1027192
1027192,8b55a63869d141772c58d4af0136fe8f,1027194,1027193
1027193,8b55a63869d141772c58d4af0136fe8f,1027192,1027196
1027196,8b55a63869d141772c58d4af0136fe8f,1027193,1027200
1027200,8b55a63869d141772c58d4af0136fe8f,1027196,1027201
1027201,8b55a63869d141772c58d4af0136fe8f,1027200,1027197
1027197,8b55a63869d141772c58d4af0136fe8f,1027201,1027198
1027198,8b55a63869d141772c58d4af0136fe8f,1027197,1027203
1027203,8b55a63869d141772c58d4af0136fe8f,1027198,1027202
1027202,8b55a63869d141772c58d4af0136fe8f,1027203,1027199
1027199,8b55a63869d141772c58d4af0136fe8f,1027202,1027205
1027205,8b55a63869d141772c58d4af0136fe8f,1027199,1027204
1027204,8b55a63869d141772c58d4af0136fe8f,1027205,1027208
1027208,8b55a63869d141772c58d4af0136fe8f,1027204,1027206
1027206,8b55a63869d141772c58d4af0136fe8f,1027208,1027207
1027207,8b55a63869d141772c58d4af0136fe8f,1027206,1027209
1027209,8b55a63869d141772c58d4af0136fe8f,1027207,1027210
1027210,8b55a63869d141772c58d4af0136fe8f,1027209,1027211
1027211,8b55a63869d141772c58d4af0136fe8f,1027210,1027212
1027212,8b55a63869d141772c58d4af0136fe8f,1027211,1027214
1027214,8b55a63869d141772c58d4af0136fe8f,1027212,1027217
1027217,8b55a63869d141772c58d4af0136fe8f,1027214,1027216
1027216,8b55a63869d141772c58d4af0136fe8f,1027217,1027213
1027213,8b55a63869d141772c58d4af0136fe8f,1027216,1027218
1027218,8b55a63869d141772c58d4af0136fe8f,1027213,1027215
1027215,8b55a63869d141772c58d4af0136fe8f,1027218,1027219
1027219,8b55a63869d141772c58d4af0136fe8f,1027215,1027221
1027221,8b55a63869d141772c58d4af0136fe8f,1027219,1027220
1027220,8b55a63869d141772c58d4af0136fe8f,1027221,1027222
1027222,8b55a63869d141772c58d4af0136fe8f,1027220,1027223
1027223,8b55a63869d141772c58d4af0136fe8f,1027222,1027224
1027224,8b55a63869d141772c58d4af0136fe8f,1027223,1027225
1027225,8b55a63869d141772c58d4af0136fe8f,1027224,1027228
1027228,8b55a63869d141772c58d4af0136fe8f,1027225,1027227
1027227,8b55a63869d141772c58d4af0136fe8f,1027228,1027226
1027226,8b55a63869d141772c58d4af0136fe8f,1027227,1027229
1027229,8b55a63869d141772c58d4af0136fe8f,1027226,1027230
1027230,8b55a63869d141772c58d4af0136fe8f,1027229,1027232
1027232,8b55a63869d141772c58d4af0136fe8f,1027230,1027231
1027231,8b55a63869d141772c58d4af0136fe8f,1027232,1027233
1027233,8b55a63869d141772c58d4af0136fe8f,1027231,1027235
1027235,8b55a63869d141772c58d4af0136fe8f,1027233,1027234
1027234,8b55a63869d141772c58d4af0136fe8f,1027235,1027236
1027236,8b55a63869d141772c58d4af0136fe8f,1027234,1027237
1027237,8b55a63869d141772c58d4af0136fe8f,1027236,1027240
1027240,8b55a63869d141772c58d4af0136fe8f,1027237,1027238
1027238,8b55a63869d141772c58d4af0136fe8f,1027240,1027239
1027239,8b55a63869d141772c58d4af0136fe8f,1027238,1027243
1027243,8b55a63869d141772c58d4af0136fe8f,1027239,1027242
1027242,8b55a63869d141772c58d4af0136fe8f,1027243,1027241
1027241,8b55a63869d141772c58d4af0136fe8f,1027242,1027245
1027245,8b55a63869d141772c58d4af0136fe8f,1027241,1027244
1027244,8b55a63869d141772c58d4af0136fe8f,1027245,1027249
1027249,8b55a63869d141772c58d4af0136fe8f,1027244,1027246
1027246,8b55a63869d141772c58d4af0136fe8f,1027249,1027251
1027251,8b55a63869d141772c58d4af0136fe8f,1027246,1027248
1027248,8b55a63869d141772c58d4af0136fe8f,1027251,1027250
1027250,8b55a63869d141772c58d4af0136fe8f,1027248,1027247
1027247,8b55a63869d141772c58d4af0136fe8f,1027250,1027252
1027252,8b55a63869d141772c58d4af0136fe8f,1027247,1027255
1027255,8b55a63869d141772c58d4af0136fe8f,1027252,1027264
1027264,8b55a63869d141772c58d4af0136fe8f,1027255,1027259
1027259,8b55a63869d141772c58d4af0136fe8f,1027264,1027263
1027263,8b55a63869d141772c58d4af0136fe8f,1027259,1027256
1027256,8b55a63869d141772c58d4af0136fe8f,1027263,1027261
1027261,8b55a63869d141772c58d4af0136fe8f,1027256,1027253
1027253,8b55a63869d141772c58d4af0136fe8f,1027261,1027257
1027257,8b55a63869d141772c58d4af0136fe8f,1027253,1027258
1027258,8b55a63869d141772c58d4af0136fe8f,1027257,1027268
1027268,8b55a63869d141772c58d4af0136fe8f,1027258,1027266
1027266,8b55a63869d141772c58d4af0136fe8f,1027268,1027267
1027267,8b55a63869d141772c58d4af0136fe8f,1027266,1027260
1027260,8b55a63869d141772c58d4af0136fe8f,1027267,1027254
1027254,8b55a63869d141772c58d4af0136fe8f,1027260,1027262
1027262,8b55a63869d141772c58d4af0136fe8f,1027254,1027265
1027265,8b55a63869d141772c58d4af0136fe8f,1027262,1027269
1027269,8b55a63869d141772c58d4af0136fe8f,1027265,1027270
1027270,8b55a63869d141772c58d4af0136fe8f,1027269,1027271
1027271,8b55a63869d141772c58d4af0136fe8f,1027270,1027272
1027272,8b55a63869d141772c58d4af0136fe8f,1027271,1027273
1027273,8b55a63869d141772c58d4af0136fe8f,1027272,1027274
1027274,8b55a63869d141772c58d4af0136fe8f,1027273,1027275
1027275,8b55a63869d141772c58d4af0136fe8f,1027274,1027277
1027277,8b55a63869d141772c58d4af0136fe8f,1027275,1027276
1027276,8b55a63869d141772c58d4af0136fe8f,1027277,1027278
1027278,8b55a63869d141772c58d4af0136fe8f,1027276,1027280
1027280,8b55a63869d141772c58d4af0136fe8f,1027278,1027281
1027281,8b55a63869d141772c58d4af0136fe8f,1027280,1027279
1027279,8b55a63869d141772c58d4af0136fe8f,1027281,1027283
1027283,8b55a63869d141772c58d4af0136fe8f,1027279,1027282
1027282,8b55a63869d141772c58d4af0136fe8f,1027283,1027284
1027284,8b55a63869d141772c58d4af0136fe8f,1027282,1027286
1027286,8b55a63869d141772c58d4af0136fe8f,1027284,1027285
1027285,8b55a63869d141772c58d4af0136fe8f,1027286,1027288
1027288,8b55a63869d141772c58d4af0136fe8f,1027285,1027287
1027287,8b55a63869d141772c58d4af0136fe8f,1027288,1027289
1027289,8b55a63869d141772c58d4af0136fe8f,1027287,1027290
1027290,8b55a63869d141772c58d4af0136fe8f,1027289,1027291
1027291,8b55a63869d141772c58d4af0136fe8f,1027290,1027292
1027292,8b55a63869d141772c58d4af0136fe8f,1027291,1027295
1027295,8b55a63869d141772c58d4af0136fe8f,1027292,1027294
1027294,8b55a63869d141772c58d4af0136fe8f,1027295,1027293
1027293,8b55a63869d141772c58d4af0136fe8f,1027294,1027296
1027296,8b55a63869d141772c58d4af0136fe8f,1027293,1027299
1027299,8b55a63869d141772c58d4af0136fe8f,1027296,1027298
1027298,8b55a63869d141772c58d4af0136fe8f,1027299,1027297
1027297,8b55a63869d141772c58d4af0136fe8f,1027298,1027300
1027300,8b55a63869d141772c58d4af0136fe8f,1027297,1027302
1027302,8b55a63869d141772c58d4af0136fe8f,1027300,1027301
1027301,8b55a63869d141772c58d4af0136fe8f,1027302,1027305
1027305,8b55a63869d141772c58d4af0136fe8f,1027301,1027304
1027304,8b55a63869d141772c58d4af0136fe8f,1027305,1027303
1027303,8b55a63869d141772c58d4af0136fe8f,1027304,1027306
1027306,8b55a63869d141772c58d4af0136fe8f,1027303,1027307
1027307,8b55a63869d141772c58d4af0136fe8f,1027306,1027308
1027308,8b55a63869d141772c58d4af0136fe8f,1027307,1027309
1027309,8b55a63869d141772c58d4af0136fe8f,1027308,1027310
1027310,8b55a63869d141772c58d4af0136fe8f,1027309,1027311
1027311,8b55a63869d141772c58d4af0136fe8f,1027310,1027313
1027313,8b55a63869d141772c58d4af0136fe8f,1027311,1027312
1027312,8b55a63869d141772c58d4af0136fe8f,1027313,1027314
1027314,8b55a63869d141772c58d4af0136fe8f,1027312,1027315
1027315,8b55a63869d141772c58d4af0136fe8f,1027314,1027316
1027316,8b55a63869d141772c58d4af0136fe8f,1027315,1027317
1027317,8b55a63869d141772c58d4af0136fe8f,1027316,1027318
1027318,8b55a63869d141772c58d4af0136fe8f,1027317,1027319
1027319,8b55a63869d141772c58d4af0136fe8f,1027318,1027320
1027320,8b55a63869d141772c58d4af0136fe8f,1027319,1027321
1027321,8b55a63869d141772c58d4af0136fe8f,1027320,1027322
1027322,8b55a63869d141772c58d4af0136fe8f,1027321,1027323
1027323,8b55a63869d141772c58d4af0136fe8f,1027322,1027324
1027324,8b55a63869d141772c58d4af0136fe8f,1027323,1027325
1027325,8b55a63869d141772c58d4af0136fe8f,1027324,1027326
1027326,8b55a63869d141772c58d4af0136fe8f,1027325,1027327
1027327,8b55a63869d141772c58d4af0136fe8f,1027326,1027329
1027329,8b55a63869d141772c58d4af0136fe8f,1027327,1027328
1027328,8b55a63869d141772c58d4af0136fe8f,1027329,1027330
1027330,8b55a63869d141772c58d4af0136fe8f,1027328,1027331
1027331,8b55a63869d141772c58d4af0136fe8f,1027330,1027332
1027332,8b55a63869d141772c58d4af0136fe8f,1027331,1027333
1027333,8b55a63869d141772c58d4af0136fe8f,1027332,1027335
1027335,8b55a63869d141772c58d4af0136fe8f,1027333,1027336
1027336,8b55a63869d141772c58d4af0136fe8f,1027335,1027334
1027334,8b55a63869d141772c58d4af0136fe8f,1027336,1027337
1027337,8b55a63869d141772c58d4af0136fe8f,1027334,1027339
1027339,8b55a63869d141772c58d4af0136fe8f,1027337,1027341
1027341,8b55a63869d141772c58d4af0136fe8f,1027339,1027338
1027338,8b55a63869d141772c58d4af0136fe8f,1027341,1027340
1027340,8b55a63869d141772c58d4af0136fe8f,1027338,1027342
1027342,8b55a63869d141772c58d4af0136fe8f,1027340,1027345
1027345,8b55a63869d141772c58d4af0136fe8f,1027342,1027343
1027343,8b55a63869d141772c58d4af0136fe8f,1027345,1027344
1027344,8b55a63869d141772c58d4af0136fe8f,1027343,1027346
1027346,8b55a63869d141772c58d4af0136fe8f,1027344,1027347
1027347,8b55a63869d141772c58d4af0136fe8f,1027346,1027348
1027348,8b55a63869d141772c58d4af0136fe8f,1027347,1027349
1027349,8b55a63869d141772c58d4af0136fe8f,1027348,1027350
1027350,8b55a63869d141772c58d4af0136fe8f,1027349,1027351
1027351,8b55a63869d141772c58d4af0136fe8f,1027350,1027352
1027352,8b55a63869d141772c58d4af0136fe8f,1027351,1027353
1027353,8b55a63869d141772c58d4af0136fe8f,1027352,1027355
1027355,8b55a63869d141772c58d4af0136fe8f,1027353,1027354
1027354,8b55a63869d141772c58d4af0136fe8f,1027355,1027356
1027356,8b55a63869d141772c58d4af0136fe8f,1027354,1027359
1027359,8b55a63869d141772c58d4af0136fe8f,1027356,1027360
1027360,8b55a63869d141772c58d4af0136fe8f,1027359,1027358
1027358,8b55a63869d141772c58d4af0136fe8f,1027360,1027361
1027361,8b55a63869d141772c58d4af0136fe8f,1027358,1027366
1027366,8b55a63869d141772c58d4af0136fe8f,1027361,1027357
1027357,8b55a63869d141772c58d4af0136fe8f,1027366,1027362
1027362,8b55a63869d141772c58d4af0136fe8f,1027357,1027363
1027363,8b55a63869d141772c58d4af0136fe8f,1027362,1027364
1027364,8b55a63869d141772c58d4af0136fe8f,1027363,1027365
1027365,8b55a63869d141772c58d4af0136fe8f,1027364,1027367
1027367,8b55a63869d141772c58d4af0136fe8f,1027365,1027368
1027368,8b55a63869d141772c58d4af0136fe8f,1027367,1027369
1027369,8b55a63869d141772c58d4af0136fe8f,1027368,1027370
1027370,8b55a63869d141772c58d4af0136fe8f,1027369,1027371
1027371,8b55a63869d141772c58d4af0136fe8f,1027370,1027373
1027373,8b55a63869d141772c58d4af0136fe8f,1027371,1027374
1027374,8b55a63869d141772c58d4af0136fe8f,1027373,1027372
1027372,8b55a63869d141772c58d4af0136fe8f,1027374,1027376
1027376,8b55a63869d141772c58d4af0136fe8f,1027372,1027377
1027377,8b55a63869d141772c58d4af0136fe8f,1027376,1027375
1027375,8b55a63869d141772c58d4af0136fe8f,1027377,1027380
1027380,8b55a63869d141772c58d4af0136fe8f,1027375,1027378
1027378,8b55a63869d141772c58d4af0136fe8f,1027380,1027379
1027379,8b55a63869d141772c58d4af0136fe8f,1027378,1027382
1027382,8b55a63869d141772c58d4af0136fe8f,1027379,1027381
1027381,8b55a63869d141772c58d4af0136fe8f,1027382,1027383
1027383,8b55a63869d141772c58d4af0136fe8f,1027381,1027384
1027384,8b55a63869d141772c58d4af0136fe8f,1027383,1027386
1027386,8b55a63869d141772c58d4af0136fe8f,1027384,1027385
1027385,8b55a63869d141772c58d4af0136fe8f,1027386,1027387
1027387,8b55a63869d141772c58d4af0136fe8f,1027385,1027388
1027388,8b55a63869d141772c58d4af0136fe8f,1027387,1027389
1027389,8b55a63869d141772c58d4af0136fe8f,1027388,1027390
1027390,8b55a63869d141772c58d4af0136fe8f,1027389,1027391
1027391,8b55a63869d141772c58d4af0136fe8f,1027390,1027393
1027393,8b55a63869d141772c58d4af0136fe8f,1027391,1027392
1027392,8b55a63869d141772c58d4af0136fe8f,1027393,1027394
1027394,8b55a63869d141772c58d4af0136fe8f,1027392,1027395
1027395,8b55a63869d141772c58d4af0136fe8f,1027394,1027397
1027397,8b55a63869d141772c58d4af0136fe8f,1027395,1027396
1027396,8b55a63869d141772c58d4af0136fe8f,1027397,1027398
1027398,8b55a63869d141772c58d4af0136fe8f,1027396,1027400
1027400,8b55a63869d141772c58d4af0136fe8f,1027398,1027399
1027399,8b55a63869d141772c58d4af0136fe8f,1027400,1027401
1027401,8b55a63869d141772c58d4af0136fe8f,1027399,1027402
1027402,8b55a63869d141772c58d4af0136fe8f,1027401,1027404
1027404,8b55a63869d141772c58d4af0136fe8f,1027402,1027403
1027403,8b55a63869d141772c58d4af0136fe8f,1027404,1027405
1027405,8b55a63869d141772c58d4af0136fe8f,1027403,1027406
1027406,8b55a63869d141772c58d4af0136fe8f,1027405,1027408
1027408,8b55a63869d141772c58d4af0136fe8f,1027406,1027407
1027407,8b55a63869d141772c58d4af0136fe8f,1027408,1027409
1027409,8b55a63869d141772c58d4af0136fe8f,1027407,1027410
1027410,8b55a63869d141772c58d4af0136fe8f,1027409,1027411
1027411,8b55a63869d141772c58d4af0136fe8f,1027410,1027412
1027412,8b55a63869d141772c58d4af0136fe8f,1027411,1027413
1027413,8b55a63869d141772c58d4af0136fe8f,1027412,1027414
1027414,8b55a63869d141772c58d4af0136fe8f,1027413,1027415
1027415,8b55a63869d141772c58d4af0136fe8f,1027414,1027416
1027416,8b55a63869d141772c58d4af0136fe8f,1027415,1027417
1027417,8b55a63869d141772c58d4af0136fe8f,1027416,1027419
1027419,8b55a63869d141772c58d4af0136fe8f,1027417,1027418
1027418,8b55a63869d141772c58d4af0136fe8f,1027419,1027420
1027420,8b55a63869d141772c58d4af0136fe8f,1027418,1027421
1027421,8b55a63869d141772c58d4af0136fe8f,1027420,1027423
1027423,8b55a63869d141772c58d4af0136fe8f,1027421,1027427
1027427,8b55a63869d141772c58d4af0136fe8f,1027423,1027424
1027424,8b55a63869d141772c58d4af0136fe8f,1027427,1027422
1027422,8b55a63869d141772c58d4af0136fe8f,1027424,1027425
1027425,8b55a63869d141772c58d4af0136fe8f,1027422,1027426
1027426,8b55a63869d141772c58d4af0136fe8f,1027425,1027428
1027428,8b55a63869d141772c58d4af0136fe8f,1027426,1027429
1027429,8b55a63869d141772c58d4af0136fe8f,1027428,1027431
1027431,8b55a63869d141772c58d4af0136fe8f,1027429,1027430
1027430,8b55a63869d141772c58d4af0136fe8f,1027431,1027433
1027433,8b55a63869d141772c58d4af0136fe8f,1027430,1027432
1027432,8b55a63869d141772c58d4af0136fe8f,1027433,1027434
1027434,8b55a63869d141772c58d4af0136fe8f,1027432,1027435
1027435,8b55a63869d141772c58d4af0136fe8f,1027434,1027436
1027436,8b55a63869d141772c58d4af0136fe8f,1027435,1027438
1027438,8b55a63869d141772c58d4af0136fe8f,1027436,1027437
1027437,8b55a63869d141772c58d4af0136fe8f,1027438,1027439
1027439,8b55a63869d141772c58d4af0136fe8f,1027437,1027440
1027440,8b55a63869d141772c58d4af0136fe8f,1027439,1027441
1027441,8b55a63869d141772c58d4af0136fe8f,1027440,1027442
1027442,8b55a63869d141772c58d4af0136fe8f,1027441,1027444
1027444,8b55a63869d141772c58d4af0136fe8f,1027442,1027443
1027443,8b55a63869d141772c58d4af0136fe8f,1027444,1027445
1027445,8b55a63869d141772c58d4af0136fe8f,1027443,1027446
1027446,8b55a63869d141772c58d4af0136fe8f,1027445,1027447
1027447,8b55a63869d141772c58d4af0136fe8f,1027446,1027449
1027449,8b55a63869d141772c58d4af0136fe8f,1027447,1027448
1027448,8b55a63869d141772c58d4af0136fe8f,1027449,1027450
1027450,8b55a63869d141772c58d4af0136fe8f,1027448,1027451
1027451,8b55a63869d141772c58d4af0136fe8f,1027450,1027452
1027452,8b55a63869d141772c58d4af0136fe8f,1027451,1027457
1027457,8b55a63869d141772c58d4af0136fe8f,1027452,1027455
1027455,8b55a63869d141772c58d4af0136fe8f,1027457,1027454
1027454,8b55a63869d141772c58d4af0136fe8f,1027455,1027456
1027456,8b55a63869d141772c58d4af0136fe8f,1027454,1027453
1027453,8b55a63869d141772c58d4af0136fe8f,1027456,1027458
1027458,8b55a63869d141772c58d4af0136fe8f,1027453,1027459
1027459,8b55a63869d141772c58d4af0136fe8f,1027458,1027460
1027460,8b55a63869d141772c58d4af0136fe8f,1027459,1027461
1027461,8b55a63869d141772c58d4af0136fe8f,1027460,1027462
1027462,8b55a63869d141772c58d4af0136fe8f,1027461,1027464
1027464,8b55a63869d141772c58d4af0136fe8f,1027462,1027463
1027463,8b55a63869d141772c58d4af0136fe8f,1027464,1027466
1027466,8b55a63869d141772c58d4af0136fe8f,1027463,1027465
1027465,8b55a63869d141772c58d4af0136fe8f,1027466,1027467
1027467,8b55a63869d141772c58d4af0136fe8f,1027465,1027468
1027468,8b55a63869d141772c58d4af0136fe8f,1027467,1027469
1027469,8b55a63869d141772c58d4af0136fe8f,1027468,1027470
1027470,8b55a63869d141772c58d4af0136fe8f,1027469,1027471
1027471,8b55a63869d141772c58d4af0136fe8f,1027470,1027474
1027474,8b55a63869d141772c58d4af0136fe8f,1027471,1027472
1027472,8b55a63869d141772c58d4af0136fe8f,1027474,1027475
1027475,8b55a63869d141772c58d4af0136fe8f,1027472,1027477
1027477,8b55a63869d141772c58d4af0136fe8f,1027475,1027476
1027476,8b55a63869d141772c58d4af0136fe8f,1027477,1027473
1027473,8b55a63869d141772c58d4af0136fe8f,1027476,1027480
1027480,8b55a63869d141772c58d4af0136fe8f,1027473,1027479
1027479,8b55a63869d141772c58d4af0136fe8f,1027480,1027481
1027481,8b55a63869d141772c58d4af0136fe8f,1027479,1027485
1027485,8b55a63869d141772c58d4af0136fe8f,1027481,1027482
1027482,8b55a63869d141772c58d4af0136fe8f,1027485,1027478
1027478,8b55a63869d141772c58d4af0136fe8f,1027482,1027483
1027483,8b55a63869d141772c58d4af0136fe8f,1027478,1027486
1027486,8b55a63869d141772c58d4af0136fe8f,1027483,1027484
1027484,8b55a63869d141772c58d4af0136fe8f,1027486,1027487
1027487,8b55a63869d141772c58d4af0136fe8f,1027484,1027488
1027488,8b55a63869d141772c58d4af0136fe8f,1027487,1027489
1027489,8b55a63869d141772c58d4af0136fe8f,1027488,1027490
1027490,8b55a63869d141772c58d4af0136fe8f,1027489,1027491
1027491,8b55a63869d141772c58d4af0136fe8f,1027490,1027492
1027492,8b55a63869d141772c58d4af0136fe8f,1027491,1027494
1027494,8b55a63869d141772c58d4af0136fe8f,1027492,1027493
1027493,8b55a63869d141772c58d4af0136fe8f,1027494,1027495
1027495,8b55a63869d141772c58d4af0136fe8f,1027493,1027497
1027497,8b55a63869d141772c58d4af0136fe8f,1027495,1027496
1027496,8b55a63869d141772c58d4af0136fe8f,1027497,1027500
1027500,8b55a63869d141772c58d4af0136fe8f,1027496,1027499
1027499,8b55a63869d141772c58d4af0136fe8f,1027500,1027498
1027498,8b55a63869d141772c58d4af0136fe8f,1027499,1027501
1027501,8b55a63869d141772c58d4af0136fe8f,1027498,1027504
1027504,8b55a63869d141772c58d4af0136fe8f,1027501,1027502
1027502,8b55a63869d141772c58d4af0136fe8f,1027504,1027503
1027503,8b55a63869d141772c58d4af0136fe8f,1027502,1027506
1027506,8b55a63869d141772c58d4af0136fe8f,1027503,1027509
1027509,8b55a63869d141772c58d4af0136fe8f,1027506,1027507
1027507,8b55a63869d141772c58d4af0136fe8f,1027509,1027508
1027508,8b55a63869d141772c58d4af0136fe8f,1027507,1027510
1027510,8b55a63869d141772c58d4af0136fe8f,1027508,1027505
1027505,8b55a63869d141772c58d4af0136fe8f,1027510,1027511
1027511,8b55a63869d141772c58d4af0136fe8f,1027505,1027512
1027512,8b55a63869d141772c58d4af0136fe8f,1027511,1027513
1027513,8b55a63869d141772c58d4af0136fe8f,1027512,1027516
1027516,8b55a63869d141772c58d4af0136fe8f,1027513,1027517
1027517,8b55a63869d141772c58d4af0136fe8f,1027516,1027515
1027515,8b55a63869d141772c58d4af0136fe8f,1027517,1027514
1027514,8b55a63869d141772c58d4af0136fe8f,1027515,1027518
1027518,8b55a63869d141772c58d4af0136fe8f,1027514,1027519
1027519,8b55a63869d141772c58d4af0136fe8f,1027518,1027520
1027520,8b55a63869d141772c58d4af0136fe8f,1027519,1027522
1027522,8b55a63869d141772c58d4af0136fe8f,1027520,1027521
1027521,8b55a63869d141772c58d4af0136fe8f,1027522,1027523
1027523,8b55a63869d141772c58d4af0136fe8f,1027521,1027524
1027524,8b55a63869d141772c58d4af0136fe8f,1027523,1027525
1027525,8b55a63869d141772c58d4af0136fe8f,1027524,1027529
1027529,8b55a63869d141772c58d4af0136fe8f,1027525,1027526
1027526,8b55a63869d141772c58d4af0136fe8f,1027529,1027528
1027528,8b55a63869d141772c58d4af0136fe8f,1027526,1027527
1027527,8b55a63869d141772c58d4af0136fe8f,1027528,1027530
1027530,8b55a63869d141772c58d4af0136fe8f,1027527,1027531
1027531,8b55a63869d141772c58d4af0136fe8f,1027530,1027532
1027532,8b55a63869d141772c58d4af0136fe8f,1027531,1027533
1027533,8b55a63869d141772c58d4af0136fe8f,1027532,1027534
1027534,8b55a63869d141772c58d4af0136fe8f,1027533,1027535
1027535,8b55a63869d141772c58d4af0136fe8f,1027534,1027536
1027536,8b55a63869d141772c58d4af0136fe8f,1027535,1027539
1027539,8b55a63869d141772c58d4af0136fe8f,1027536,1027537
1027537,8b55a63869d141772c58d4af0136fe8f,1027539,1027538
1027538,8b55a63869d141772c58d4af0136fe8f,1027537,1027541
1027541,8b55a63869d141772c58d4af0136fe8f,1027538,1027540
1027540,8b55a63869d141772c58d4af0136fe8f,1027541,1027542
1027542,8b55a63869d141772c58d4af0136fe8f,1027540,1027545
1027545,8b55a63869d141772c58d4af0136fe8f,1027542,1027543
1027543,8b55a63869d141772c58d4af0136fe8f,1027545,1027547
1027547,8b55a63869d141772c58d4af0136fe8f,1027543,1027544
1027544,8b55a63869d141772c58d4af0136fe8f,1027547,1027546
1027546,8b55a63869d141772c58d4af0136fe8f,1027544,1027548
1027548,8b55a63869d141772c58d4af0136fe8f,1027546,1027049
