19469,20612,20611,20610,20609,20608
19470,19469,20612,20611,20610,20609
19472,19470,19469,20612,20611,20610
19482,19472,19470,19469,20612,20611
19491,19482,19472,19470,19469,20612
19516,19491,19482,19472,19470,19469
19517,19516,19491,19482,19472,19470
19547,19517,19516,19491,19482,19472
19551,19547,19517,19516,19491,19482
19552,19551,19547,19517,19516,19491
19553,19552,19551,19547,19517,19516
19554,19553,19552,19551,19547,19517
19560,19554,19553,19552,19551,19547
19561,19560,19554,19553,19552,19551
19562,19561,19560,19554,19553,19552
19628,19562,19561,19560,19554,19553
19629,19628,19562,19561,19560,19554
19630,19629,19628,19562,19561,19560
19631,19630,19629,19628,19562,19561
19632,19631,19630,19629,19628,19562
19633,19632,19631,19630,19629,19628
19634,19633,19632,19631,19630,19629
19635,19634,19633,19632,19631,19630
19636,19635,19634,19633,19632,19631
19637,19636,19635,19634,19633,19632
19638,19637,19636,19635,19634,19633
19639,19638,19637,19636,19635,19634
19640,19639,19638,19637,19636,19635
19641,19640,19639,19638,19637,19636
19642,19641,19640,19639,19638,19637
19643,19642,19641,19640,19639,19638
19644,19643,19642,19641,19640,19639
19645,19644,19643,19642,19641,19640
19646,19645,19644,19643,19642,19641
19647,19646,19645,19644,19643,19642
19648,19647,19646,19645,19644,19643
19649,19648,19647,19646,19645,19644
19650,19649,19648,19647,19646,19645
19651,19650,19649,19648,19647,19646
19652,19651,19650,19649,19648,19647
19653,19652,19651,19650,19649,19648
19654,19653,19652,19651,19650,19649
19655,19654,19653,19652,19651,19650
19656,19655,19654,19653,19652,19651
19657,19656,19655,19654,19653,19652
19658,19657,19656,19655,19654,19653
19659,19658,19657,19656,19655,19654
19660,19659,19658,19657,19656,19655
19661,19660,19659,19658,19657,19656
19662,19661,19660,19659,19658,19657
19663,19662,19661,19660,19659,19658
19664,19663,19662,19661,19660,19659
19665,19664,19663,19662,19661,19660
19666,19665,19664,19663,19662,19661
19667,19666,19665,19664,19663,19662
19668,19667,19666,19665,19664,19663
19669,19668,19667,19666,19665,19664
19670,19669,19668,19667,19666,19665
19671,19670,19669,19668,19667,19666
19672,19671,19670,19669,19668,19667
19673,19672,19671,19670,19669,19668
19674,19673,19672,19671,19670,19669
19675,19674,19673,19672,19671,19670
19676,19675,19674,19673,19672,19671
19677,19676,19675,19674,19673,19672
19678,19677,19676,19675,19674,19673
19679,19678,19677,19676,19675,19674
19680,19679,19678,19677,19676,19675
19681,19680,19679,19678,19677,19676
19682,19681,19680,19679,19678,19677
19683,19682,19681,19680,19679,19678
19684,19683,19682,19681,19680,19679
19685,19684,19683,19682,19681,19680
19686,19685,19684,19683,19682,19681
19687,19686,19685,19684,19683,19682
19688,19687,19686,19685,19684,19683
19689,19688,19687,19686,19685,19684
19690,19689,19688,19687,19686,19685
19691,19690,19689,19688,19687,19686
19692,19691,19690,19689,19688,19687
19693,19692,19691,19690,19689,19688
19694,19693,19692,19691,19690,19689
19695,19694,19693,19692,19691,19690
19696,19695,19694,19693,19692,19691
19697,19696,19695,19694,19693,19692
19698,19697,19696,19695,19694,19693
19699,19698,19697,19696,19695,19694
19700,19699,19698,19697,19696,19695
19701,19700,19699,19698,19697,19696
19702,19701,19700,19699,19698,19697
19703,19702,19701,19700,19699,19698
19704,19703,19702,19701,19700,19699
19705,19704,19703,19702,19701,19700
19706,19705,19704,19703,19702,19701
19707,19706,19705,19704,19703,19702
19708,19707,19706,19705,19704,19703
19709,19708,19707,19706,19705,19704
19710,19709,19708,19707,19706,19705
19711,19710,19709,19708,19707,19706
19712,19711,19710,19709,19708,19707
19713,19712,19711,19710,19709,19708
19714,19713,19712,19711,19710,19709
19715,19714,19713,19712,19711,19710
19716,19715,19714,19713,19712,19711
19717,19716,19715,19714,19713,19712
19718,19717,19716,19715,19714,19713
19719,19718,19717,19716,19715,19714
19720,19719,19718,19717,19716,19715
19721,19720,19719,19718,19717,19716
19722,19721,19720,19719,19718,19717
19723,19722,19721,19720,19719,19718
19724,19723,19722,19721,19720,19719
19725,19724,19723,19722,19721,19720
19726,19725,19724,19723,19722,19721
19727,19726,19725,19724,19723,19722
19728,19727,19726,19725,19724,19723
19729,19728,19727,19726,19725,19724
19730,19729,19728,19727,19726,19725
19731,19730,19729,19728,19727,19726
19732,19731,19730,19729,19728,19727
19733,19732,19731,19730,19729,19728
19734,19733,19732,19731,19730,19729
19735,19734,19733,19732,19731,19730
19736,19735,19734,19733,19732,19731
19737,19736,19735,19734,19733,19732
19738,19737,19736,19735,19734,19733
19739,19738,19737,19736,19735,19734
19740,19739,19738,19737,19736,19735
19741,19740,19739,19738,19737,19736
19742,19741,19740,19739,19738,19737
19743,19742,19741,19740,19739,19738
19744,19743,19742,19741,19740,19739
19745,19744,19743,19742,19741,19740
19746,19745,19744,19743,19742,19741
19747,19746,19745,19744,19743,19742
19748,19747,19746,19745,19744,19743
19749,19748,19747,19746,19745,19744
19750,19749,19748,19747,19746,19745
19751,19750,19749,19748,19747,19746
19752,19751,19750,19749,19748,19747
19753,19752,19751,19750,19749,19748
19754,19753,19752,19751,19750,19749
19755,19754,19753,19752,19751,19750
19756,19755,19754,19753,19752,19751
19757,19756,19755,19754,19753,19752
19758,19757,19756,19755,19754,19753
19759,19758,19757,19756,19755,19754
19760,19759,19758,19757,19756,19755
19761,19760,19759,19758,19757,19756
19762,19761,19760,19759,19758,19757
19763,19762,19761,19760,19759,19758
19764,19763,19762,19761,19760,19759
19765,19764,19763,19762,19761,19760
19766,19765,19764,19763,19762,19761
19767,19766,19765,19764,19763,19762
19768,19767,19766,19765,19764,19763
19769,19768,19767,19766,19765,19764
19770,19769,19768,19767,19766,19765
19771,19770,19769,19768,19767,19766
19772,19771,19770,19769,19768,19767
19773,19772,19771,19770,19769,19768
19774,19773,19772,19771,19770,19769
19775,19774,19773,19772,19771,19770
19776,19775,19774,19773,19772,19771
19777,19776,19775,19774,19773,19772
19778,19777,19776,19775,19774,19773
19779,19778,19777,19776,19775,19774
19780,19779,19778,19777,19776,19775
19781,19780,19779,19778,19777,19776
19782,19781,19780,19779,19778,19777
19783,19782,19781,19780,19779,19778
19784,19783,19782,19781,19780,19779
19785,19784,19783,19782,19781,19780
19786,19785,19784,19783,19782,19781
19787,19786,19785,19784,19783,19782
19788,19787,19786,19785,19784,19783
19789,19788,19787,19786,19785,19784
19790,19789,19788,19787,19786,19785
19791,19790,19789,19788,19787,19786
19792,19791,19790,19789,19788,19787
19793,19792,19791,19790,19789,19788
19794,19793,19792,19791,19790,19789
19795,19794,19793,19792,19791,19790
19796,19795,19794,19793,19792,19791
19797,19796,19795,19794,19793,19792
19798,19797,19796,19795,19794,19793
19799,19798,19797,19796,19795,19794
19800,19799,19798,19797,19796,19795
19801,19800,19799,19798,19797,19796
19802,19801,19800,19799,19798,19797
19803,19802,19801,19800,19799,19798
19804,19803,19802,19801,19800,19799
19805,19804,19803,19802,19801,19800
19806,19805,19804,19803,19802,19801
19807,19806,19805,19804,19803,19802
19808,19807,19806,19805,19804,19803
19809,19808,19807,19806,19805,19804
19810,19809,19808,19807,19806,19805
19811,19810,19809,19808,19807,19806
19812,19811,19810,19809,19808,19807
19813,19812,19811,19810,19809,19808
19814,19813,19812,19811,19810,19809
19815,19814,19813,19812,19811,19810
19816,19815,19814,19813,19812,19811
19817,19816,19815,19814,19813,19812
19818,19817,19816,19815,19814,19813
19819,19818,19817,19816,19815,19814
19820,19819,19818,19817,19816,19815
19821,19820,19819,19818,19817,19816
19822,19821,19820,19819,19818,19817
19823,19822,19821,19820,19819,19818
19824,19823,19822,19821,19820,19819
19825,19824,19823,19822,19821,19820
19826,19825,19824,19823,19822,19821
19827,19826,19825,19824,19823,19822
19828,19827,19826,19825,19824,19823
19829,19828,19827,19826,19825,19824
19830,19829,19828,19827,19826,19825
19831,19830,19829,19828,19827,19826
19832,19831,19830,19829,19828,19827
19833,19832,19831,19830,19829,19828
19834,19833,19832,19831,19830,19829
19835,19834,19833,19832,19831,19830
19836,19835,19834,19833,19832,19831
19837,19836,19835,19834,19833,19832
19838,19837,19836,19835,19834,19833
19839,19838,19837,19836,19835,19834
19840,19839,19838,19837,19836,19835
19841,19840,19839,19838,19837,19836
19842,19841,19840,19839,19838,19837
19843,19842,19841,19840,19839,19838
19844,19843,19842,19841,19840,19839
19845,19844,19843,19842,19841,19840
19846,19845,19844,19843,19842,19841
19847,19846,19845,19844,19843,19842
19848,19847,19846,19845,19844,19843
19849,19848,19847,19846,19845,19844
19850,19849,19848,19847,19846,19845
19851,19850,19849,19848,19847,19846
19852,19851,19850,19849,19848,19847
19853,19852,19851,19850,19849,19848
19854,19853,19852,19851,19850,19849
19855,19854,19853,19852,19851,19850
19856,19855,19854,19853,19852,19851
19857,19856,19855,19854,19853,19852
19858,19857,19856,19855,19854,19853
19859,19858,19857,19856,19855,19854
19860,19859,19858,19857,19856,19855
19861,19860,19859,19858,19857,19856
19862,19861,19860,19859,19858,19857
19863,19862,19861,19860,19859,19858
19864,19863,19862,19861,19860,19859
19865,19864,19863,19862,19861,19860
19866,19865,19864,19863,19862,19861
19867,19866,19865,19864,19863,19862
19868,19867,19866,19865,19864,19863
19869,19868,19867,19866,19865,19864
19870,19869,19868,19867,19866,19865
19871,19870,19869,19868,19867,19866
19872,19871,19870,19869,19868,19867
19873,19872,19871,19870,19869,19868
19874,19873,19872,19871,19870,19869
19875,19874,19873,19872,19871,19870
19876,19875,19874,19873,19872,19871
19877,19876,19875,19874,19873,19872
19878,19877,19876,19875,19874,19873
19879,19878,19877,19876,19875,19874
19880,19879,19878,19877,19876,19875
19881,19880,19879,19878,19877,19876
19882,19881,19880,19879,19878,19877
19883,19882,19881,19880,19879,19878
19884,19883,19882,19881,19880,19879
19885,19884,19883,19882,19881,19880
19886,19885,19884,19883,19882,19881
19887,19886,19885,19884,19883,19882
19888,19887,19886,19885,19884,19883
19889,19888,19887,19886,19885,19884
19890,19889,19888,19887,19886,19885
19891,19890,19889,19888,19887,19886
19892,19891,19890,19889,19888,19887
19893,19892,19891,19890,19889,19888
19894,19893,19892,19891,19890,19889
19895,19894,19893,19892,19891,19890
19896,19895,19894,19893,19892,19891
19897,19896,19895,19894,19893,19892
19898,19897,19896,19895,19894,19893
19899,19898,19897,19896,19895,19894
19900,19899,19898,19897,19896,19895
19901,19900,19899,19898,19897,19896
19902,19901,19900,19899,19898,19897
19903,19902,19901,19900,19899,19898
19904,19903,19902,19901,19900,19899
19905,19904,19903,19902,19901,19900
19906,19905,19904,19903,19902,19901
19907,19906,19905,19904,19903,19902
19908,19907,19906,19905,19904,19903
19909,19908,19907,19906,19905,19904
19910,19909,19908,19907,19906,19905
19911,19910,19909,19908,19907,19906
19912,19911,19910,19909,19908,19907
19913,19912,19911,19910,19909,19908
19914,19913,19912,19911,19910,19909
19915,19914,19913,19912,19911,19910
19916,19915,19914,19913,19912,19911
19917,19916,19915,19914,19913,19912
19918,19917,19916,19915,19914,19913
19919,19918,19917,19916,19915,19914
19920,19919,19918,19917,19916,19915
19921,19920,19919,19918,19917,19916
19922,19921,19920,19919,19918,19917
19923,19922,19921,19920,19919,19918
19924,19923,19922,19921,19920,19919
19925,19924,19923,19922,19921,19920
19926,19925,19924,19923,19922,19921
19927,19926,19925,19924,19923,19922
19928,19927,19926,19925,19924,19923
19929,19928,19927,19926,19925,19924
19930,19929,19928,19927,19926,19925
19931,19930,19929,19928,19927,19926
19932,19931,19930,19929,19928,19927
19933,19932,19931,19930,19929,19928
19934,19933,19932,19931,19930,19929
19935,19934,19933,19932,19931,19930
19936,19935,19934,19933,19932,19931
19937,19936,19935,19934,19933,19932
19938,19937,19936,19935,19934,19933
19939,19938,19937,19936,19935,19934
19940,19939,19938,19937,19936,19935
19941,19940,19939,19938,19937,19936
19942,19941,19940,19939,19938,19937
19943,19942,19941,19940,19939,19938
19944,19943,19942,19941,19940,19939
19945,19944,19943,19942,19941,19940
19946,19945,19944,19943,19942,19941
19947,19946,19945,19944,19943,19942
19948,19947,19946,19945,19944,19943
19949,19948,19947,19946,19945,19944
19950,19949,19948,19947,19946,19945
19951,19950,19949,19948,19947,19946
19952,19951,19950,19949,19948,19947
19953,19952,19951,19950,19949,19948
19954,19953,19952,19951,19950,19949
19955,19954,19953,19952,19951,19950
19956,19955,19954,19953,19952,19951
19957,19956,19955,19954,19953,19952
19958,19957,19956,19955,19954,19953
19959,19958,19957,19956,19955,19954
19960,19959,19958,19957,19956,19955
19961,19960,19959,19958,19957,19956
19962,19961,19960,19959,19958,19957
19963,19962,19961,19960,19959,19958
19964,19963,19962,19961,19960,19959
19965,19964,19963,19962,19961,19960
19966,19965,19964,19963,19962,19961
19967,19966,19965,19964,19963,19962
19968,19967,19966,19965,19964,19963
19969,19968,19967,19966,19965,19964
19970,19969,19968,19967,19966,19965
19971,19970,19969,19968,19967,19966
19972,19971,19970,19969,19968,19967
19973,19972,19971,19970,19969,19968
19974,19973,19972,19971,19970,19969
19975,19974,19973,19972,19971,19970
19976,19975,19974,19973,19972,19971
19977,19976,19975,19974,19973,19972
19978,19977,19976,19975,19974,19973
19979,19978,19977,19976,19975,19974
19980,19979,19978,19977,19976,19975
19981,19980,19979,19978,19977,19976
19982,19981,19980,19979,19978,19977
19983,19982,19981,19980,19979,19978
19984,19983,19982,19981,19980,19979
19985,19984,19983,19982,19981,19980
19986,19985,19984,19983,19982,19981
19987,19986,19985,19984,19983,19982
19988,19987,19986,19985,19984,19983
19989,19988,19987,19986,19985,19984
19990,19989,19988,19987,19986,19985
19991,19990,19989,19988,19987,19986
19992,19991,19990,19989,19988,19987
19993,19992,19991,19990,19989,19988
19994,19993,19992,19991,19990,19989
19995,19994,19993,19992,19991,19990
19996,19995,19994,19993,19992,19991
19997,19996,19995,19994,19993,19992
19998,19997,19996,19995,19994,19993
19999,19998,19997,19996,19995,19994
20000,19999,19998,19997,19996,19995
20001,20000,19999,19998,19997,19996
20002,20001,20000,19999,19998,19997
20003,20002,20001,20000,19999,19998
20004,20003,20002,20001,20000,19999
20005,20004,20003,20002,20001,20000
20006,20005,20004,20003,20002,20001
20007,20006,20005,20004,20003,20002
20008,20007,20006,20005,20004,20003
20009,20008,20007,20006,20005,20004
20010,20009,20008,20007,20006,20005
20011,20010,20009,20008,20007,20006
20012,20011,20010,20009,20008,20007
20013,20012,20011,20010,20009,20008
20014,20013,20012,20011,20010,20009
20015,20014,20013,20012,20011,20010
20016,20015,20014,20013,20012,20011
20017,20016,20015,20014,20013,20012
20018,20017,20016,20015,20014,20013
20019,20018,20017,20016,20015,20014
20020,20019,20018,20017,20016,20015
20021,20020,20019,20018,20017,20016
20022,20021,20020,20019,20018,20017
20023,20022,20021,20020,20019,20018
20024,20023,20022,20021,20020,20019
20025,20024,20023,20022,20021,20020
20026,20025,20024,20023,20022,20021
20027,20026,20025,20024,20023,20022
20028,20027,20026,20025,20024,20023
20029,20028,20027,20026,20025,20024
20030,20029,20028,20027,20026,20025
20031,20030,20029,20028,20027,20026
20032,20031,20030,20029,20028,20027
20033,20032,20031,20030,20029,20028
20034,20033,20032,20031,20030,20029
20035,20034,20033,20032,20031,20030
20036,20035,20034,20033,20032,20031
20037,20036,20035,20034,20033,20032
20038,20037,20036,20035,20034,20033
20039,20038,20037,20036,20035,20034
20040,20039,20038,20037,20036,20035
20041,20040,20039,20038,20037,20036
20042,20041,20040,20039,20038,20037
20043,20042,20041,20040,20039,20038
20044,20043,20042,20041,20040,20039
20045,20044,20043,20042,20041,20040
20046,20045,20044,20043,20042,20041
20047,20046,20045,20044,20043,20042
20048,20047,20046,20045,20044,20043
20049,20048,20047,20046,20045,20044
20050,20049,20048,20047,20046,20045
20051,20050,20049,20048,20047,20046
20052,20051,20050,20049,20048,20047
20053,20052,20051,20050,20049,20048
20054,20053,20052,20051,20050,20049
20055,20054,20053,20052,20051,20050
20056,20055,20054,20053,20052,20051
20057,20056,20055,20054,20053,20052
20058,20057,20056,20055,20054,20053
20059,20058,20057,20056,20055,20054
20060,20059,20058,20057,20056,20055
20061,20060,20059,20058,20057,20056
20062,20061,20060,20059,20058,20057
20063,20062,20061,20060,20059,20058
20064,20063,20062,20061,20060,20059
20065,20064,20063,20062,20061,20060
20066,20065,20064,20063,20062,20061
20067,20066,20065,20064,20063,20062
20068,20067,20066,20065,20064,20063
20069,20068,20067,20066,20065,20064
20070,20069,20068,20067,20066,20065
20071,20070,20069,20068,20067,20066
20072,20071,20070,20069,20068,20067
20073,20072,20071,20070,20069,20068
20074,20073,20072,20071,20070,20069
20075,20074,20073,20072,20071,20070
20076,20075,20074,20073,20072,20071
20077,20076,20075,20074,20073,20072
20078,20077,20076,20075,20074,20073
20079,20078,20077,20076,20075,20074
20080,20079,20078,20077,20076,20075
20081,20080,20079,20078,20077,20076
20082,20081,20080,20079,20078,20077
20083,20082,20081,20080,20079,20078
20084,20083,20082,20081,20080,20079
20085,20084,20083,20082,20081,20080
20086,20085,20084,20083,20082,20081
20087,20086,20085,20084,20083,20082
20088,20087,20086,20085,20084,20083
20089,20088,20087,20086,20085,20084
20090,20089,20088,20087,20086,20085
20091,20090,20089,20088,20087,20086
20092,20091,20090,20089,20088,20087
20093,20092,20091,20090,20089,20088
20094,20093,20092,20091,20090,20089
20095,20094,20093,20092,20091,20090
20096,20095,20094,20093,20092,20091
20097,20096,20095,20094,20093,20092
20098,20097,20096,20095,20094,20093
20099,20098,20097,20096,20095,20094
20100,20099,20098,20097,20096,20095
20101,20100,20099,20098,20097,20096
20102,20101,20100,20099,20098,20097
20103,20102,20101,20100,20099,20098
20104,20103,20102,20101,20100,20099
20105,20104,20103,20102,20101,20100
20106,20105,20104,20103,20102,20101
20107,20106,20105,20104,20103,20102
20108,20107,20106,20105,20104,20103
20109,20108,20107,20106,20105,20104
20110,20109,20108,20107,20106,20105
20111,20110,20109,20108,20107,20106
20112,20111,20110,20109,20108,20107
20113,20112,20111,20110,20109,20108
20114,20113,20112,20111,20110,20109
20115,20114,20113,20112,20111,20110
20116,20115,20114,20113,20112,20111
20117,20116,20115,20114,20113,20112
20118,20117,20116,20115,20114,20113
20119,20118,20117,20116,20115,20114
20120,20119,20118,20117,20116,20115
20121,20120,20119,20118,20117,20116
20122,20121,20120,20119,20118,20117
20123,20122,20121,20120,20119,20118
20124,20123,20122,20121,20120,20119
20125,20124,20123,20122,20121,20120
20126,20125,20124,20123,20122,20121
20127,20126,20125,20124,20123,20122
20128,20127,20126,20125,20124,20123
20129,20128,20127,20126,20125,20124
20130,20129,20128,20127,20126,20125
20131,20130,20129,20128,20127,20126
20132,20131,20130,20129,20128,20127
20133,20132,20131,20130,20129,20128
20134,20133,20132,20131,20130,20129
20135,20134,20133,20132,20131,20130
20136,20135,20134,20133,20132,20131
20137,20136,20135,20134,20133,20132
20138,20137,20136,20135,20134,20133
20139,20138,20137,20136,20135,20134
20140,20139,20138,20137,20136,20135
20141,20140,20139,20138,20137,20136
20142,20141,20140,20139,20138,20137
20143,20142,20141,20140,20139,20138
20144,20143,20142,20141,20140,20139
20145,20144,20143,20142,20141,20140
20146,20145,20144,20143,20142,20141
20147,20146,20145,20144,20143,20142
20148,20147,20146,20145,20144,20143
20149,20148,20147,20146,20145,20144
20150,20149,20148,20147,20146,20145
20151,20150,20149,20148,20147,20146
20152,20151,20150,20149,20148,20147
20153,20152,20151,20150,20149,20148
20154,20153,20152,20151,20150,20149
20155,20154,20153,20152,20151,20150
20156,20155,20154,20153,20152,20151
20157,20156,20155,20154,20153,20152
20158,20157,20156,20155,20154,20153
20159,20158,20157,20156,20155,20154
20160,20159,20158,20157,20156,20155
20161,20160,20159,20158,20157,20156
20162,20161,20160,20159,20158,20157
20163,20162,20161,20160,20159,20158
20164,20163,20162,20161,20160,20159
20165,20164,20163,20162,20161,20160
20166,20165,20164,20163,20162,20161
20167,20166,20165,20164,20163,20162
20168,20167,20166,20165,20164,20163
20169,20168,20167,20166,20165,20164
20170,20169,20168,20167,20166,20165
20171,20170,20169,20168,20167,20166
20172,20171,20170,20169,20168,20167
20173,20172,20171,20170,20169,20168
20174,20173,20172,20171,20170,20169
20175,20174,20173,20172,20171,20170
20176,20175,20174,20173,20172,20171
20177,20176,20175,20174,20173,20172
20178,20177,20176,20175,20174,20173
20179,20178,20177,20176,20175,20174
20180,20179,20178,20177,20176,20175
20181,20180,20179,20178,20177,20176
20182,20181,20180,20179,20178,20177
20183,20182,20181,20180,20179,20178
20184,20183,20182,20181,20180,20179
20185,20184,20183,20182,20181,20180
20186,20185,20184,20183,20182,20181
20187,20186,20185,20184,20183,20182
20188,20187,20186,20185,20184,20183
20189,20188,20187,20186,20185,20184
20190,20189,20188,20187,20186,20185
20191,20190,20189,20188,20187,20186
20192,20191,20190,20189,20188,20187
20193,20192,20191,20190,20189,20188
20194,20193,20192,20191,20190,20189
20195,20194,20193,20192,20191,20190
20196,20195,20194,20193,20192,20191
20197,20196,20195,20194,20193,20192
20198,20197,20196,20195,20194,20193
20199,20198,20197,20196,20195,20194
20200,20199,20198,20197,20196,20195
20201,20200,20199,20198,20197,20196
20202,20201,20200,20199,20198,20197
20203,20202,20201,20200,20199,20198
20204,20203,20202,20201,20200,20199
20205,20204,20203,20202,20201,20200
20206,20205,20204,20203,20202,20201
20207,20206,20205,20204,20203,20202
20208,20207,20206,20205,20204,20203
20209,20208,20207,20206,20205,20204
20210,20209,20208,20207,20206,20205
20211,20210,20209,20208,20207,20206
20212,20211,20210,20209,20208,20207
20213,20212,20211,20210,20209,20208
20214,20213,20212,20211,20210,20209
20215,20214,20213,20212,20211,20210
20216,20215,20214,20213,20212,20211
20217,20216,20215,20214,20213,20212
20218,20217,20216,20215,20214,20213
20219,20218,20217,20216,20215,20214
20220,20219,20218,20217,20216,20215
20221,20220,20219,20218,20217,20216
20222,20221,20220,20219,20218,20217
20223,20222,20221,20220,20219,20218
20224,20223,20222,20221,20220,20219
20225,20224,20223,20222,20221,20220
20226,20225,20224,20223,20222,20221
20227,20226,20225,20224,20223,20222
20228,20227,20226,20225,20224,20223
20229,20228,20227,20226,20225,20224
20230,20229,20228,20227,20226,20225
20231,20230,20229,20228,20227,20226
20232,20231,20230,20229,20228,20227
20233,20232,20231,20230,20229,20228
20234,20233,20232,20231,20230,20229
20235,20234,20233,20232,20231,20230
20236,20235,20234,20233,20232,20231
20237,20236,20235,20234,20233,20232
20238,20237,20236,20235,20234,20233
20239,20238,20237,20236,20235,20234
20240,20239,20238,20237,20236,20235
20241,20240,20239,20238,20237,20236
20242,20241,20240,20239,20238,20237
20243,20242,20241,20240,20239,20238
20244,20243,20242,20241,20240,20239
20245,20244,20243,20242,20241,20240
20246,20245,20244,20243,20242,20241
20247,20246,20245,20244,20243,20242
20248,20247,20246,20245,20244,20243
20249,20248,20247,20246,20245,20244
20250,20249,20248,20247,20246,20245
20251,20250,20249,20248,20247,20246
20252,20251,20250,20249,20248,20247
20253,20252,20251,20250,20249,20248
20254,20253,20252,20251,20250,20249
20255,20254,20253,20252,20251,20250
20256,20255,20254,20253,20252,20251
20257,20256,20255,20254,20253,20252
20258,20257,20256,20255,20254,20253
20259,20258,20257,20256,20255,20254
20260,20259,20258,20257,20256,20255
20261,20260,20259,20258,20257,20256
20262,20261,20260,20259,20258,20257
20263,20262,20261,20260,20259,20258
20264,20263,20262,20261,20260,20259
20265,20264,20263,20262,20261,20260
20266,20265,20264,20263,20262,20261
20267,20266,20265,20264,20263,20262
20268,20267,20266,20265,20264,20263
20269,20268,20267,20266,20265,20264
20270,20269,20268,20267,20266,20265
20271,20270,20269,20268,20267,20266
20272,20271,20270,20269,20268,20267
20273,20272,20271,20270,20269,20268
20274,20273,20272,20271,20270,20269
20275,20274,20273,20272,20271,20270
20276,20275,20274,20273,20272,20271
20277,20276,20275,20274,20273,20272
20278,20277,20276,20275,20274,20273
20279,20278,20277,20276,20275,20274
20280,20279,20278,20277,20276,20275
20281,20280,20279,20278,20277,20276
20282,20281,20280,20279,20278,20277
20283,20282,20281,20280,20279,20278
20284,20283,20282,20281,20280,20279
20285,20284,20283,20282,20281,20280
20286,20285,20284,20283,20282,20281
20287,20286,20285,20284,20283,20282
20288,20287,20286,20285,20284,20283
20289,20288,20287,20286,20285,20284
20290,20289,20288,20287,20286,20285
20291,20290,20289,20288,20287,20286
20292,20291,20290,20289,20288,20287
20293,20292,20291,20290,20289,20288
20294,20293,20292,20291,20290,20289
20295,20294,20293,20292,20291,20290
20296,20295,20294,20293,20292,20291
20297,20296,20295,20294,20293,20292
20298,20297,20296,20295,20294,20293
20299,20298,20297,20296,20295,20294
20300,20299,20298,20297,20296,20295
20301,20300,20299,20298,20297,20296
20302,20301,20300,20299,20298,20297
20303,20302,20301,20300,20299,20298
20304,20303,20302,20301,20300,20299
20305,20304,20303,20302,20301,20300
20306,20305,20304,20303,20302,20301
20307,20306,20305,20304,20303,20302
20308,20307,20306,20305,20304,20303
20309,20308,20307,20306,20305,20304
20310,20309,20308,20307,20306,20305
20311,20310,20309,20308,20307,20306
20312,20311,20310,20309,20308,20307
20313,20312,20311,20310,20309,20308
20314,20313,20312,20311,20310,20309
20315,20314,20313,20312,20311,20310
20316,20315,20314,20313,20312,20311
20317,20316,20315,20314,20313,20312
20318,20317,20316,20315,20314,20313
20319,20318,20317,20316,20315,20314
20320,20319,20318,20317,20316,20315
20321,20320,20319,20318,20317,20316
20322,20321,20320,20319,20318,20317
20323,20322,20321,20320,20319,20318
20324,20323,20322,20321,20320,20319
20325,20324,20323,20322,20321,20320
20326,20325,20324,20323,20322,20321
20327,20326,20325,20324,20323,20322
20328,20327,20326,20325,20324,20323
20329,20328,20327,20326,20325,20324
20330,20329,20328,20327,20326,20325
20331,20330,20329,20328,20327,20326
20332,20331,20330,20329,20328,20327
20333,20332,20331,20330,20329,20328
20334,20333,20332,20331,20330,20329
20335,20334,20333,20332,20331,20330
20336,20335,20334,20333,20332,20331
20337,20336,20335,20334,20333,20332
20338,20337,20336,20335,20334,20333
20339,20338,20337,20336,20335,20334
20340,20339,20338,20337,20336,20335
20341,20340,20339,20338,20337,20336
20342,20341,20340,20339,20338,20337
20343,20342,20341,20340,20339,20338
20344,20343,20342,20341,20340,20339
20345,20344,20343,20342,20341,20340
20346,20345,20344,20343,20342,20341
20347,20346,20345,20344,20343,20342
20348,20347,20346,20345,20344,20343
20349,20348,20347,20346,20345,20344
20350,20349,20348,20347,20346,20345
20351,20350,20349,20348,20347,20346
20352,20351,20350,20349,20348,20347
20353,20352,20351,20350,20349,20348
20354,20353,20352,20351,20350,20349
20355,20354,20353,20352,20351,20350
20356,20355,20354,20353,20352,20351
20357,20356,20355,20354,20353,20352
20358,20357,20356,20355,20354,20353
20359,20358,20357,20356,20355,20354
20360,20359,20358,20357,20356,20355
20361,20360,20359,20358,20357,20356
20362,20361,20360,20359,20358,20357
20363,20362,20361,20360,20359,20358
20364,20363,20362,20361,20360,20359
20365,20364,20363,20362,20361,20360
20366,20365,20364,20363,20362,20361
20367,20366,20365,20364,20363,20362
20368,20367,20366,20365,20364,20363
20369,20368,20367,20366,20365,20364
20370,20369,20368,20367,20366,20365
20371,20370,20369,20368,20367,20366
20372,20371,20370,20369,20368,20367
20373,20372,20371,20370,20369,20368
20374,20373,20372,20371,20370,20369
20375,20374,20373,20372,20371,20370
20376,20375,20374,20373,20372,20371
20377,20376,20375,20374,20373,20372
20378,20377,20376,20375,20374,20373
20379,20378,20377,20376,20375,20374
20380,20379,20378,20377,20376,20375
20381,20380,20379,20378,20377,20376
20382,20381,20380,20379,20378,20377
20383,20382,20381,20380,20379,20378
20384,20383,20382,20381,20380,20379
20385,20384,20383,20382,20381,20380
20386,20385,20384,20383,20382,20381
20387,20386,20385,20384,20383,20382
20388,20387,20386,20385,20384,20383
20389,20388,20387,20386,20385,20384
20390,20389,20388,20387,20386,20385
20391,20390,20389,20388,20387,20386
20392,20391,20390,20389,20388,20387
20393,20392,20391,20390,20389,20388
20394,20393,20392,20391,20390,20389
20395,20394,20393,20392,20391,20390
20396,20395,20394,20393,20392,20391
20397,20396,20395,20394,20393,20392
20398,20397,20396,20395,20394,20393
20399,20398,20397,20396,20395,20394
20400,20399,20398,20397,20396,20395
20401,20400,20399,20398,20397,20396
20402,20401,20400,20399,20398,20397
20403,20402,20401,20400,20399,20398
20404,20403,20402,20401,20400,20399
20405,20404,20403,20402,20401,20400
20406,20405,20404,20403,20402,20401
20407,20406,20405,20404,20403,20402
20408,20407,20406,20405,20404,20403
20409,20408,20407,20406,20405,20404
20410,20409,20408,20407,20406,20405
20411,20410,20409,20408,20407,20406
20412,20411,20410,20409,20408,20407
20413,20412,20411,20410,20409,20408
20414,20413,20412,20411,20410,20409
20415,20414,20413,20412,20411,20410
20416,20415,20414,20413,20412,20411
20417,20416,20415,20414,20413,20412
20418,20417,20416,20415,20414,20413
20419,20418,20417,20416,20415,20414
20420,20419,20418,20417,20416,20415
20421,20420,20419,20418,20417,20416
20422,20421,20420,20419,20418,20417
20423,20422,20421,20420,20419,20418
20424,20423,20422,20421,20420,20419
20425,20424,20423,20422,20421,20420
20426,20425,20424,20423,20422,20421
20427,20426,20425,20424,20423,20422
20428,20427,20426,20425,20424,20423
20429,20428,20427,20426,20425,20424
20430,20429,20428,20427,20426,20425
20431,20430,20429,20428,20427,20426
20432,20431,20430,20429,20428,20427
20433,20432,20431,20430,20429,20428
20434,20433,20432,20431,20430,20429
20435,20434,20433,20432,20431,20430
20436,20435,20434,20433,20432,20431
20437,20436,20435,20434,20433,20432
20438,20437,20436,20435,20434,20433
20439,20438,20437,20436,20435,20434
20440,20439,20438,20437,20436,20435
20441,20440,20439,20438,20437,20436
20442,20441,20440,20439,20438,20437
20443,20442,20441,20440,20439,20438
20444,20443,20442,20441,20440,20439
20445,20444,20443,20442,20441,20440
20446,20445,20444,20443,20442,20441
20447,20446,20445,20444,20443,20442
20448,20447,20446,20445,20444,20443
20449,20448,20447,20446,20445,20444
20450,20449,20448,20447,20446,20445
20451,20450,20449,20448,20447,20446
20452,20451,20450,20449,20448,20447
20453,20452,20451,20450,20449,20448
20454,20453,20452,20451,20450,20449
20455,20454,20453,20452,20451,20450
20456,20455,20454,20453,20452,20451
20457,20456,20455,20454,20453,20452
20458,20457,20456,20455,20454,20453
20459,20458,20457,20456,20455,20454
20460,20459,20458,20457,20456,20455
20461,20460,20459,20458,20457,20456
20462,20461,20460,20459,20458,20457
20463,20462,20461,20460,20459,20458
20464,20463,20462,20461,20460,20459
20465,20464,20463,20462,20461,20460
20466,20465,20464,20463,20462,20461
20467,20466,20465,20464,20463,20462
20468,20467,20466,20465,20464,20463
20469,20468,20467,20466,20465,20464
20470,20469,20468,20467,20466,20465
20471,20470,20469,20468,20467,20466
20472,20471,20470,20469,20468,20467
20473,20472,20471,20470,20469,20468
20474,20473,20472,20471,20470,20469
20475,20474,20473,20472,20471,20470
20476,20475,20474,20473,20472,20471
20477,20476,20475,20474,20473,20472
20478,20477,20476,20475,20474,20473
20479,20478,20477,20476,20475,20474
20480,20479,20478,20477,20476,20475
20481,20480,20479,20478,20477,20476
20482,20481,20480,20479,20478,20477
20483,20482,20481,20480,20479,20478
20484,20483,20482,20481,20480,20479
20485,20484,20483,20482,20481,20480
20486,20485,20484,20483,20482,20481
20487,20486,20485,20484,20483,20482
20488,20487,20486,20485,20484,20483
20489,20488,20487,20486,20485,20484
20490,20489,20488,20487,20486,20485
20491,20490,20489,20488,20487,20486
20492,20491,20490,20489,20488,20487
20493,20492,20491,20490,20489,20488
20494,20493,20492,20491,20490,20489
20495,20494,20493,20492,20491,20490
20496,20495,20494,20493,20492,20491
20497,20496,20495,20494,20493,20492
20498,20497,20496,20495,20494,20493
20499,20498,20497,20496,20495,20494
20500,20499,20498,20497,20496,20495
20501,20500,20499,20498,20497,20496
20502,20501,20500,20499,20498,20497
20503,20502,20501,20500,20499,20498
20504,20503,20502,20501,20500,20499
20505,20504,20503,20502,20501,20500
20506,20505,20504,20503,20502,20501
20507,20506,20505,20504,20503,20502
20508,20507,20506,20505,20504,20503
20509,20508,20507,20506,20505,20504
20510,20509,20508,20507,20506,20505
20511,20510,20509,20508,20507,20506
20512,20511,20510,20509,20508,20507
20513,20512,20511,20510,20509,20508
20514,20513,20512,20511,20510,20509
20515,20514,20513,20512,20511,20510
20516,20515,20514,20513,20512,20511
20517,20516,20515,20514,20513,20512
20518,20517,20516,20515,20514,20513
20519,20518,20517,20516,20515,20514
20520,20519,20518,20517,20516,20515
20521,20520,20519,20518,20517,20516
20522,20521,20520,20519,20518,20517
20523,20522,20521,20520,20519,20518
20524,20523,20522,20521,20520,20519
20525,20524,20523,20522,20521,20520
20526,20525,20524,20523,20522,20521
20527,20526,20525,20524,20523,20522
20528,20527,20526,20525,20524,20523
20529,20528,20527,20526,20525,20524
20530,20529,20528,20527,20526,20525
20531,20530,20529,20528,20527,20526
20532,20531,20530,20529,20528,20527
20533,20532,20531,20530,20529,20528
20534,20533,20532,20531,20530,20529
20535,20534,20533,20532,20531,20530
20536,20535,20534,20533,20532,20531
20537,20536,20535,20534,20533,20532
20538,20537,20536,20535,20534,20533
20539,20538,20537,20536,20535,20534
20540,20539,20538,20537,20536,20535
20541,20540,20539,20538,20537,20536
20542,20541,20540,20539,20538,20537
20543,20542,20541,20540,20539,20538
20544,20543,20542,20541,20540,20539
20545,20544,20543,20542,20541,20540
20546,20545,20544,20543,20542,20541
20547,20546,20545,20544,20543,20542
20548,20547,20546,20545,20544,20543
20549,20548,20547,20546,20545,20544
20550,20549,20548,20547,20546,20545
20551,20550,20549,20548,20547,20546
20552,20551,20550,20549,20548,20547
20553,20552,20551,20550,20549,20548
20554,20553,20552,20551,20550,20549
20555,20554,20553,20552,20551,20550
20556,20555,20554,20553,20552,20551
20557,20556,20555,20554,20553,20552
20558,20557,20556,20555,20554,20553
20559,20558,20557,20556,20555,20554
20560,20559,20558,20557,20556,20555
20561,20560,20559,20558,20557,20556
20562,20561,20560,20559,20558,20557
20563,20562,20561,20560,20559,20558
20564,20563,20562,20561,20560,20559
20565,20564,20563,20562,20561,20560
20566,20565,20564,20563,20562,20561
20567,20566,20565,20564,20563,20562
20568,20567,20566,20565,20564,20563
20569,20568,20567,20566,20565,20564
20570,20569,20568,20567,20566,20565
20571,20570,20569,20568,20567,20566
20572,20571,20570,20569,20568,20567
20573,20572,20571,20570,20569,20568
20574,20573,20572,20571,20570,20569
20575,20574,20573,20572,20571,20570
20576,20575,20574,20573,20572,20571
20577,20576,20575,20574,20573,20572
20578,20577,20576,20575,20574,20573
20579,20578,20577,20576,20575,20574
20580,20579,20578,20577,20576,20575
20581,20580,20579,20578,20577,20576
20582,20581,20580,20579,20578,20577
20583,20582,20581,20580,20579,20578
20584,20583,20582,20581,20580,20579
20585,20584,20583,20582,20581,20580
20586,20585,20584,20583,20582,20581
20587,20586,20585,20584,20583,20582
20588,20587,20586,20585,20584,20583
20589,20588,20587,20586,20585,20584
20590,20589,20588,20587,20586,20585
20591,20590,20589,20588,20587,20586
20592,20591,20590,20589,20588,20587
20593,20592,20591,20590,20589,20588
20594,20593,20592,20591,20590,20589
20595,20594,20593,20592,20591,20590
20596,20595,20594,20593,20592,20591
20597,20596,20595,20594,20593,20592
20598,20597,20596,20595,20594,20593
20599,20598,20597,20596,20595,20594
20600,20599,20598,20597,20596,20595
20601,20600,20599,20598,20597,20596
20602,20601,20600,20599,20598,20597
20603,20602,20601,20600,20599,20598
20604,20603,20602,20601,20600,20599
20605,20604,20603,20602,20601,20600
20606,20605,20604,20603,20602,20601
20607,20606,20605,20604,20603,20602
20608,20607,20606,20605,20604,20603
20609,20608,20607,20606,20605,20604
20610,20609,20608,20607,20606,20605
20611,20610,20609,20608,20607,20606
20612,20611,20610,20609,20608,20607
