1010874,f492a324fbf16d306ee09f5d0ac5e1eb
1010886,f492a324fbf16d306ee09f5d0ac5e1eb
1010902,f492a324fbf16d306ee09f5d0ac5e1eb
1010884,f492a324fbf16d306ee09f5d0ac5e1eb
1010883,f492a324fbf16d306ee09f5d0ac5e1eb
1010885,f492a324fbf16d306ee09f5d0ac5e1eb
1010888,f492a324fbf16d306ee09f5d0ac5e1eb
1010889,f492a324fbf16d306ee09f5d0ac5e1eb
1010891,f492a324fbf16d306ee09f5d0ac5e1eb
1010890,f492a324fbf16d306ee09f5d0ac5e1eb
1010893,f492a324fbf16d306ee09f5d0ac5e1eb
1010896,f492a324fbf16d306ee09f5d0ac5e1eb
1010899,f492a324fbf16d306ee09f5d0ac5e1eb
1010901,f492a324fbf16d306ee09f5d0ac5e1eb
1010900,f492a324fbf16d306ee09f5d0ac5e1eb
1010907,f492a324fbf16d306ee09f5d0ac5e1eb
1010913,f492a324fbf16d306ee09f5d0ac5e1eb
1010912,f492a324fbf16d306ee09f5d0ac5e1eb
1010916,f492a324fbf16d306ee09f5d0ac5e1eb
1010921,f492a324fbf16d306ee09f5d0ac5e1eb
1010928,f492a324fbf16d306ee09f5d0ac5e1eb
1010925,f492a324fbf16d306ee09f5d0ac5e1eb
1010927,f492a324fbf16d306ee09f5d0ac5e1eb
1010923,f492a324fbf16d306ee09f5d0ac5e1eb
1010926,f492a324fbf16d306ee09f5d0ac5e1eb
1010930,f492a324fbf16d306ee09f5d0ac5e1eb
1010931,f492a324fbf16d306ee09f5d0ac5e1eb
1010929,f492a324fbf16d306ee09f5d0ac5e1eb
1010932,f492a324fbf16d306ee09f5d0ac5e1eb
1010936,f492a324fbf16d306ee09f5d0ac5e1eb
1010937,f492a324fbf16d306ee09f5d0ac5e1eb
1010938,f492a324fbf16d306ee09f5d0ac5e1eb
1010941,f492a324fbf16d306ee09f5d0ac5e1eb
1010940,f492a324fbf16d306ee09f5d0ac5e1eb
1010942,f492a324fbf16d306ee09f5d0ac5e1eb
1010944,f492a324fbf16d306ee09f5d0ac5e1eb
1010949,f492a324fbf16d306ee09f5d0ac5e1eb
1010953,f492a324fbf16d306ee09f5d0ac5e1eb
1010956,f492a324fbf16d306ee09f5d0ac5e1eb
1010962,f492a324fbf16d306ee09f5d0ac5e1eb
1010963,f492a324fbf16d306ee09f5d0ac5e1eb
1010965,f492a324fbf16d306ee09f5d0ac5e1eb
1010966,f492a324fbf16d306ee09f5d0ac5e1eb
1010967,f492a324fbf16d306ee09f5d0ac5e1eb
1010968,f492a324fbf16d306ee09f5d0ac5e1eb
1010990,f492a324fbf16d306ee09f5d0ac5e1eb
1010969,f492a324fbf16d306ee09f5d0ac5e1eb
1010972,f492a324fbf16d306ee09f5d0ac5e1eb
1010974,f492a324fbf16d306ee09f5d0ac5e1eb
1010982,f492a324fbf16d306ee09f5d0ac5e1eb
1010976,f492a324fbf16d306ee09f5d0ac5e1eb
1010977,f492a324fbf16d306ee09f5d0ac5e1eb
1010973,f492a324fbf16d306ee09f5d0ac5e1eb
1010975,f492a324fbf16d306ee09f5d0ac5e1eb
1010981,f492a324fbf16d306ee09f5d0ac5e1eb
1010986,f492a324fbf16d306ee09f5d0ac5e1eb
1010988,f492a324fbf16d306ee09f5d0ac5e1eb
1010989,f492a324fbf16d306ee09f5d0ac5e1eb
1010997,f492a324fbf16d306ee09f5d0ac5e1eb
1010999,f492a324fbf16d306ee09f5d0ac5e1eb
1011000,f492a324fbf16d306ee09f5d0ac5e1eb
1011003,f492a324fbf16d306ee09f5d0ac5e1eb
1011005,f492a324fbf16d306ee09f5d0ac5e1eb
1011001,f492a324fbf16d306ee09f5d0ac5e1eb
1011008,f492a324fbf16d306ee09f5d0ac5e1eb
1011010,f492a324fbf16d306ee09f5d0ac5e1eb
1011011,f492a324fbf16d306ee09f5d0ac5e1eb
1011013,f492a324fbf16d306ee09f5d0ac5e1eb
1011012,f492a324fbf16d306ee09f5d0ac5e1eb
1011015,f492a324fbf16d306ee09f5d0ac5e1eb
1011016,f492a324fbf16d306ee09f5d0ac5e1eb
1011017,f492a324fbf16d306ee09f5d0ac5e1eb
1011039,f492a324fbf16d306ee09f5d0ac5e1eb
1011020,f492a324fbf16d306ee09f5d0ac5e1eb
1011040,f492a324fbf16d306ee09f5d0ac5e1eb
1011024,f492a324fbf16d306ee09f5d0ac5e1eb
1011028,f492a324fbf16d306ee09f5d0ac5e1eb
1011032,f492a324fbf16d306ee09f5d0ac5e1eb
1011036,f492a324fbf16d306ee09f5d0ac5e1eb
1011038,f492a324fbf16d306ee09f5d0ac5e1eb
1011047,f492a324fbf16d306ee09f5d0ac5e1eb
1011037,f492a324fbf16d306ee09f5d0ac5e1eb
1011045,f492a324fbf16d306ee09f5d0ac5e1eb
1011042,f492a324fbf16d306ee09f5d0ac5e1eb
1011046,f492a324fbf16d306ee09f5d0ac5e1eb
1011048,f492a324fbf16d306ee09f5d0ac5e1eb
1011049,f492a324fbf16d306ee09f5d0ac5e1eb
1011050,f492a324fbf16d306ee09f5d0ac5e1eb
1011051,f492a324fbf16d306ee09f5d0ac5e1eb
1011055,f492a324fbf16d306ee09f5d0ac5e1eb
1011053,f492a324fbf16d306ee09f5d0ac5e1eb
1011054,f492a324fbf16d306ee09f5d0ac5e1eb
1011056,f492a324fbf16d306ee09f5d0ac5e1eb
1011060,f492a324fbf16d306ee09f5d0ac5e1eb
1011065,f492a324fbf16d306ee09f5d0ac5e1eb
1011072,f492a324fbf16d306ee09f5d0ac5e1eb
1011086,f492a324fbf16d306ee09f5d0ac5e1eb
1020616,f492a324fbf16d306ee09f5d0ac5e1eb
1011078,f492a324fbf16d306ee09f5d0ac5e1eb
1011077,f492a324fbf16d306ee09f5d0ac5e1eb
